=== Installing pairwiserhat from local source ===

=== Baseline (Stan fits) ===

########################################
Running: /Users/chegu121/Documents/Phd-cici/r_package/pairwiserhat/experiments/baseline_rhat/uniform.R 
########################################
Loading required package: StanHeaders

rstan version 2.32.7 (Stan version 2.32.2)

For execution on a local, multicore CPU with excess RAM we recommend calling
options(mc.cores = parallel::detectCores()).
To avoid recompilation of unchanged Stan programs, we recommend calling
rstan_options(auto_write = TRUE)
For within-chain threading using `reduce_sum()` or `map_rect()` Stan functions,
change `threads_per_chain` option:
rstan_options(threads_per_chain = 1)


SAMPLING FOR MODEL 'anon_model' NOW (CHAIN 1).

SAMPLING FOR MODEL 'anon_model' NOW (CHAIN 2).

SAMPLING FOR MODEL 'anon_model' NOW (CHAIN 3).

SAMPLING FOR MODEL 'anon_model' NOW (CHAIN 4).
Chain 3: 
Chain 3: Gradient evaluation took 2.9e-05 seconds
Chain 3: 1000 transitions using 10 leapfrog steps per transition would take 0.29 seconds.
Chain 3: Adjust your expectations accordingly!
Chain 3: 
Chain 3: 
Chain 3: Iteration:    1 / 2000 [  0%]  (Warmup)
Chain 4: 
Chain 4: Gradient evaluation took 2.3e-05 seconds
Chain 4: 1000 transitions using 10 leapfrog steps per transition would take 0.23 seconds.
Chain 4: Adjust your expectations accordingly!
Chain 4: 
Chain 4: 
Chain 4: Iteration:    1 / 2000 [  0%]  (Warmup)
Chain 1: 
Chain 1: Gradient evaluation took 1.4e-05 seconds
Chain 1: 1000 transitions using 10 leapfrog steps per transition would take 0.14 seconds.
Chain 1: Adjust your expectations accordingly!
Chain 1: 
Chain 1: 
Chain 1: Iteration:    1 / 2000 [  0%]  (Warmup)
Chain 4: Iteration:  200 / 2000 [ 10%]  (Warmup)
Chain 3: Iteration:  200 / 2000 [ 10%]  (Warmup)
Chain 2: 
Chain 2: Gradient evaluation took 1.3e-05 seconds
Chain 2: 1000 transitions using 10 leapfrog steps per transition would take 0.13 seconds.
Chain 2: Adjust your expectations accordingly!
Chain 2: 
Chain 2: 
Chain 2: Iteration:    1 / 2000 [  0%]  (Warmup)
Chain 4: Iteration:  400 / 2000 [ 20%]  (Warmup)
Chain 1: Iteration:  200 / 2000 [ 10%]  (Warmup)
Chain 3: Iteration:  400 / 2000 [ 20%]  (Warmup)
Chain 2: Iteration:  200 / 2000 [ 10%]  (Warmup)
Chain 4: Iteration:  600 / 2000 [ 30%]  (Warmup)

SAMPLING FOR MODEL 'anon_model' NOW (CHAIN 5).
Chain 3: Iteration:  600 / 2000 [ 30%]  (Warmup)
Chain 1: Iteration:  400 / 2000 [ 20%]  (Warmup)
Chain 2: Iteration:  400 / 2000 [ 20%]  (Warmup)
Chain 1: Iteration:  600 / 2000 [ 30%]  (Warmup)
Chain 4: Iteration:  800 / 2000 [ 40%]  (Warmup)
Chain 2: Iteration:  600 / 2000 [ 30%]  (Warmup)
Chain 1: Iteration:  800 / 2000 [ 40%]  (Warmup)
Chain 4: Iteration: 1000 / 2000 [ 50%]  (Warmup)
Chain 5: 
Chain 5: Gradient evaluation took 2.7e-05 seconds
Chain 5: 1000 transitions using 10 leapfrog steps per transition would take 0.27 seconds.
Chain 5: Adjust your expectations accordingly!Chain 
Chain 54: : 
Chain Chain 5: Iteration: 1001 / 2000 [ 50%]  (Sampling)

3: Iteration:  800 / 2000 [ 40%]  (Warmup)
Chain 5: Iteration:    1 / 2000 [  0%]  (Warmup)
Chain 2: Iteration:  800 / 2000 [ 40%]  (Warmup)
Chain 1: Iteration: 1000 / 2000 [ 50%]  (Warmup)
Chain 1: Iteration: 1001 / 2000 [ 50%]  (Sampling)
Chain 4: Iteration: 1200 / 2000 [ 60%]  (Sampling)
Chain 2: Iteration: 1000 / 2000 [ 50%]  (Warmup)
Chain 2: Iteration: 1001 / 2000 [ 50%]  (Sampling)
Chain 1: Iteration: 1200 / 2000 [ 60%]  (Sampling)
Chain 3: Iteration: 1000 / 2000 [ 50%]  (Warmup)
Chain 3: Iteration: 1001 / 2000 [ 50%]  (Sampling)
Chain 4: Iteration: 1400 / 2000 [ 70%]  (Sampling)
Chain 2: Iteration: 1200 / 2000 [ 60%]  (Sampling)
Chain 1: Iteration: 1400 / 2000 [ 70%]  (Sampling)
Chain 2: Iteration: 1400 / 2000 [ 70%]  (Sampling)
Chain 4: Iteration: 1600 / 2000 [ 80%]  (Sampling)
Chain 5: Iteration:  200 / 2000 [ 10%]  (Warmup)
Chain 1: Iteration: 1600 / 2000 [ 80%]  (Sampling)
Chain 2: Iteration: 1600 / 2000 [ 80%]  (Sampling)
Chain 4: Iteration: 1800 / 2000 [ 90%]  (Sampling)
Chain 3: Iteration: 1200 / 2000 [ 60%]  (Sampling)
Chain 1: Iteration: 1800 / 2000 [ 90%]  (Sampling)
Chain 2: Iteration: 1800 / 2000 [ 90%]  (Sampling)Chain 
5: Iteration:  400 / 2000 [ 20%]  (Warmup)
Chain 4: Iteration: 2000 / 2000 [100%]  (Sampling)
Chain 4: 
Chain 4:  Elapsed Time: 0.005 seconds (Warm-up)
Chain 4:                0.003 seconds (Sampling)
Chain 4:                0.008 seconds (Total)
Chain 4: 
Chain 1: Iteration: 2000 / 2000 [100%]  (Sampling)
Chain 1: 
Chain 1:  Elapsed Time: 0.005 seconds (Warm-up)
Chain Chain 31: : Iteration: 1400 / 2000 [ 70%]  (Sampling)               0.003 seconds (Sampling)

Chain 1:                0.008 seconds (Total)
Chain 1: 
Chain 2: Iteration: 2000 / 2000 [100%]  (Sampling)
Chain 2: 
Chain 2:  Elapsed Time: 0.005 seconds (Warm-up)
Chain 2:                0.003 seconds (Sampling)
Chain 2:                0.008 seconds (Total)
Chain 2: 
Chain 3: Iteration: 1600 / 2000 [ 80%]  (Sampling)
Chain 5: Iteration:  600 / 2000 [ 30%]  (Warmup)

SAMPLING FOR MODEL 'anon_model' NOW (CHAIN 6).
Chain 3: Iteration: 1800 / 2000 [ 90%]  (Sampling)
Chain 5: Iteration:  800 / 2000 [ 40%]  (Warmup)
Chain 3: Iteration: 2000 / 2000 [100%]  (Sampling)
Chain 3: 
Chain 3:  Elapsed Time: 0.007 seconds (Warm-up)
Chain 3:                0.005 seconds (Sampling)
Chain 3:                0.012 seconds (Total)
Chain 3: 
Chain 5: Iteration: 1000 / 2000 [ 50%]  (Warmup)
Chain 5: Iteration: 1001 / 2000 [ 50%]  (Sampling)
Chain 5: Iteration: 1200 / 2000 [ 60%]  (Sampling)
Chain 5: Iteration: 1400 / 2000 [ 70%]  (Sampling)
Chain 5: Iteration: 1600 / 2000 [ 80%]  (Sampling)
Chain 5: Iteration: 1800 / 2000 [ 90%]  (Sampling)
Chain 5: Iteration: 2000 / 2000 [100%]  (Sampling)
Chain 5: 
Chain 5:  Elapsed Time: 0.007 seconds (Warm-up)
Chain 5:                0.003 seconds (Sampling)
Chain 5:                0.01 seconds (Total)
Chain 5: 

SAMPLING FOR MODEL 'anon_model' NOW (CHAIN 7).

SAMPLING FOR MODEL 'anon_model' NOW (CHAIN 8).
Chain 6: 
Chain 6: Gradient evaluation took 0.001866 seconds
Chain 6: 1000 transitions using 10 leapfrog steps per transition would take 18.66 seconds.
Chain 6: Adjust your expectations accordingly!
Chain 6: 
Chain 6: 
Chain 6: Iteration:    1 / 2000 [  0%]  (Warmup)
Chain 6: Iteration:  200 / 2000 [ 10%]  (Warmup)
Chain 6: Iteration:  400 / 2000 [ 20%]  (Warmup)
Chain 6: Iteration:  600 / 2000 [ 30%]  (Warmup)
Chain 6: Iteration:  800 / 2000 [ 40%]  (Warmup)
Chain 6: Iteration: 1000 / 2000 [ 50%]  (Warmup)
Chain 6: Iteration: 1001 / 2000 [ 50%]  (Sampling)
Chain 6: Iteration: 1200 / 2000 [ 60%]  (Sampling)
Chain 6: Iteration: 1400 / 2000 [ 70%]  (Sampling)
Chain 6: Iteration: 1600 / 2000 [ 80%]  (Sampling)
Chain 6: Iteration: 1800 / 2000 [ 90%]  (Sampling)
Chain 6: Iteration: 2000 / 2000 [100%]  (Sampling)
Chain 6: 
Chain 6:  Elapsed Time: 0.003 seconds (Warm-up)
Chain 6:                0.003 seconds (Sampling)
Chain 6:                0.006 seconds (Total)
Chain 6: 
Chain 8: 
Chain 8: Gradient evaluation took 5.8e-05 seconds
Chain 8: 1000 transitions using 10 leapfrog steps per transition would take 0.58 seconds.
Chain 8: Adjust your expectations accordingly!
Chain 8: 
Chain 8: 
Chain 7: 
Chain 7: Gradient evaluation took 8.4e-05 seconds
Chain 7: 1000 transitions using 10 leapfrog steps per transition would take 0.84 seconds.
Chain 7: Adjust your expectations accordingly!
Chain 7: 
Chain 7: 
Chain 7: Iteration:    1 / 2000 [  0%]  (Warmup)
Chain 8: Iteration:    1 / 2000 [  0%]  (Warmup)
Chain 8: Iteration:  200 / 2000 [ 10%]  (Warmup)
Chain 7: Iteration:  200 / 2000 [ 10%]  (Warmup)
Chain 8: Iteration:  400 / 2000 [ 20%]  (Warmup)
Chain 7: Iteration:  400 / 2000 [ 20%]  (Warmup)
Chain 8: Iteration:  600 / 2000 [ 30%]  (Warmup)
Chain Chain 87: : Iteration:  800 / 2000 [ 40%]  (Warmup)Iteration:  600 / 2000 [ 30%]  (Warmup)

Chain 8: Iteration: 1000 / 2000 [ 50%]  (Warmup)
Chain 8: Iteration: 1001 / 2000 [ 50%]  (Sampling)
Chain 7: Iteration:  800 / 2000 [ 40%]  (Warmup)
Chain 8: Iteration: 1200 / 2000 [ 60%]  (Sampling)
Chain 7: Iteration: 1000 / 2000 [ 50%]  (Warmup)
Chain 7: Iteration: 1001 / 2000 [ 50%]  (Sampling)
Chain 8: Iteration: 1400 / 2000 [ 70%]  (Sampling)
Chain 8: Iteration: 1600 / 2000 [ 80%]  (Sampling)
Chain 7: Iteration: 1200 / 2000 [ 60%]  (Sampling)
Chain 8: Iteration: 1800 / 2000 [ 90%]  (Sampling)
Chain 7: Iteration: 1400 / 2000 [ 70%]  (Sampling)
Chain 7: Iteration: 1600 / 2000 [ 80%]  (Sampling)
Chain 7: Iteration: 1800 / 2000 [ 90%]  (Sampling)
Chain 7: Iteration: 2000 / 2000 [100%]  (Sampling)
Chain 7: 
Chain 7:  Elapsed Time: 0.004 seconds (Warm-up)
Chain 7:                0.005 seconds (Sampling)
Chain 7:                0.009 seconds (Total)
Chain 7: 
Chain 8: Iteration: 2000 / 2000 [100%]  (Sampling)
Chain 8: 
Chain 8:  Elapsed Time: 0.003 seconds (Warm-up)
Chain 8:                0.007 seconds (Sampling)
Chain 8:                0.01 seconds (Total)
Chain 8: 
            mean se_mean     sd    2.5%     25%     50%     75%   97.5%
theta[1]  0.0028  0.0137 1.1576 -1.8930 -1.0076  0.0232  1.0027  1.8984
theta[2] -0.0005  0.0143 1.1488 -1.9075 -0.9960  0.0137  0.9778  1.9085
lp__     -1.2305  0.0220 1.2133 -4.5118 -1.7281 -0.8500 -0.3547 -0.0302
            n_eff   Rhat
theta[1] 7189.295 0.9996
theta[2] 6490.308 1.0002
lp__     3031.476 1.0032
Finished in 0.09 minutes

########################################
Running: /Users/chegu121/Documents/Phd-cici/r_package/pairwiserhat/experiments/baseline_rhat/gaussian_ball.R 
########################################
Loading required package: StanHeaders

rstan version 2.32.7 (Stan version 2.32.2)

For execution on a local, multicore CPU with excess RAM we recommend calling
options(mc.cores = parallel::detectCores()).
To avoid recompilation of unchanged Stan programs, we recommend calling
rstan_options(auto_write = TRUE)
For within-chain threading using `reduce_sum()` or `map_rect()` Stan functions,
change `threads_per_chain` option:
rstan_options(threads_per_chain = 1)


SAMPLING FOR MODEL 'anon_model' NOW (CHAIN 1).
Chain 1: 
Chain 1: Gradient evaluation took 8.7e-05 seconds
Chain 1: 1000 transitions using 10 leapfrog steps per transition would take 0.87 seconds.
Chain 1: Adjust your expectations accordingly!
Chain 1: 
Chain 1: 
Chain 1: Iteration:    1 / 2000 [  0%]  (Warmup)
Chain 1: Iteration:  200 / 2000 [ 10%]  (Warmup)
Chain 1: Iteration:  400 / 2000 [ 20%]  (Warmup)

SAMPLING FOR MODEL 'anon_model' NOW (CHAIN 2).
Chain 1: Iteration:  600 / 2000 [ 30%]  (Warmup)
Chain 1: Iteration:  800 / 2000 [ 40%]  (Warmup)
Chain 1: Iteration: 1000 / 2000 [ 50%]  (Warmup)
Chain 1: Iteration: 1001 / 2000 [ 50%]  (Sampling)
Chain 2: 
Chain 2: Gradient evaluation took 1.8e-05 seconds
Chain 2: 1000 transitions using 10 leapfrog steps per transition would take 0.18 seconds.
Chain 2: Adjust your expectations accordingly!
Chain 2: 
Chain 2: 
Chain 2: Iteration:    1 / 2000 [  0%]  (Warmup)
Chain 1: Iteration: 1200 / 2000 [ 60%]  (Sampling)
Chain 2: Iteration:  200 / 2000 [ 10%]  (Warmup)

SAMPLING FOR MODEL 'anon_model' NOW (CHAIN 3).
Chain 1: Iteration: 1400 / 2000 [ 70%]  (Sampling)
Chain 2: Iteration:  400 / 2000 [ 20%]  (Warmup)
Chain 1: Iteration: 1600 / 2000 [ 80%]  (Sampling)
Chain 2: Iteration:  600 / 2000 [ 30%]  (Warmup)
Chain 2: Iteration:  800 / 2000 [ 40%]  (Warmup)
Chain 1: Iteration: 1800 / 2000 [ 90%]  (Sampling)
Chain 2: Iteration: 1000 / 2000 [ 50%]  (Warmup)
Chain 2: Iteration: 1001 / 2000 [ 50%]  (Sampling)
Chain 1: Iteration: 2000 / 2000 [100%]  (Sampling)
Chain 1: 
Chain 1:  Elapsed Time: 0.004 seconds (Warm-up)
Chain 1:                0.003 seconds (Sampling)
Chain 1:                0.007 seconds (Total)
Chain 1: 
Chain 2: Iteration: 1200 / 2000 [ 60%]  (Sampling)
Chain 2: Iteration: 1400 / 2000 [ 70%]  (Sampling)
Chain 2: Iteration: 1600 / 2000 [ 80%]  (Sampling)

SAMPLING FOR MODEL 'anon_model' NOW (CHAIN 4).
Chain 2: Iteration: 1800 / 2000 [ 90%]  (Sampling)
Chain 2: Iteration: 2000 / 2000 [100%]  (Sampling)
Chain 2: 
Chain 2:  Elapsed Time: 0.003 seconds (Warm-up)
Chain 2:                0.005 seconds (Sampling)
Chain 2:                0.008 seconds (Total)
Chain 2: 

SAMPLING FOR MODEL 'anon_model' NOW (CHAIN 5).

SAMPLING FOR MODEL 'anon_model' NOW (CHAIN 6).

SAMPLING FOR MODEL 'anon_model' NOW (CHAIN 7).
Chain 4: 
Chain 4: Gradient evaluation took 1.5e-05 seconds
Chain 4: 1000 transitions using 10 leapfrog steps per transition would take 0.15 seconds.
Chain 4: Adjust your expectations accordingly!
Chain 4: 
Chain 4: 
Chain 4: Iteration:    1 / 2000 [  0%]  (Warmup)
Chain 4: Iteration:  200 / 2000 [ 10%]  (Warmup)

SAMPLING FOR MODEL 'anon_model' NOW (CHAIN 8).
Chain 4: Iteration:  400 / 2000 [ 20%]  (Warmup)
Chain 4: Iteration:  600 / 2000 [ 30%]  (Warmup)
Chain 4: Iteration:  800 / 2000 [ 40%]  (Warmup)
Chain 4: Iteration: 1000 / 2000 [ 50%]  (Warmup)
Chain 4: Iteration: 1001 / 2000 [ 50%]  (Sampling)
Chain 4: Iteration: 1200 / 2000 [ 60%]  (Sampling)
Chain 4: Iteration: 1400 / 2000 [ 70%]  (Sampling)
Chain 4: Iteration: 1600 / 2000 [ 80%]  (Sampling)
Chain 4: Iteration: 1800 / 2000 [ 90%]  (Sampling)
Chain 4: Iteration: 2000 / 2000 [100%]  (Sampling)
Chain 4: 
Chain 4:  Elapsed Time: 0.003 seconds (Warm-up)
Chain 4:                0.003 seconds (Sampling)
Chain 4:                0.006 seconds (Total)
Chain 4: 
Chain 3: 
Chain 3: Gradient evaluation took 1.5e-05 seconds
Chain 3: 1000 transitions using 10 leapfrog steps per transition would take 0.15 seconds.
Chain 3: Adjust your expectations accordingly!
Chain 3: 
Chain 3: 
Chain 3: Iteration:    1 / 2000 [  0%]  (Warmup)
Chain 3: Iteration:  200 / 2000 [ 10%]  (Warmup)
Chain 3: Iteration:  400 / 2000 [ 20%]  (Warmup)
Chain 3: Iteration:  600 / 2000 [ 30%]  (Warmup)
Chain 5: 
Chain Chain 35: : Iteration:  800 / 2000 [ 40%]  (Warmup)Gradient evaluation took 1.4e-05 seconds

Chain 5: 1000 transitions using 10 leapfrog steps per transition would take 0.14 seconds.
Chain 5: Adjust your expectations accordingly!
Chain 5: 
Chain 5: 
Chain 5: Iteration:    1 / 2000 [  0%]  (Warmup)
Chain 3: Iteration: 1000 / 2000 [ 50%]  (Warmup)
Chain 3: Iteration: 1001 / 2000 [ 50%]  (Sampling)
Chain 5: Iteration:  200 / 2000 [ 10%]  (Warmup)
Chain 3: Iteration: 1200 / 2000 [ 60%]  (Sampling)
Chain 5: Iteration:  400 / 2000 [ 20%]  (Warmup)
Chain 3: Iteration: 1400 / 2000 [ 70%]  (Sampling)
Chain 5: Iteration:  600 / 2000 [ 30%]  (Warmup)
Chain 3: Iteration: 1600 / 2000 [ 80%]  (Sampling)
Chain 5: Iteration:  800 / 2000 [ 40%]  (Warmup)
Chain 3: Iteration: 1800 / 2000 [ 90%]  (Sampling)
Chain 5: Iteration: 1000 / 2000 [ 50%]  (Warmup)
Chain 5: Iteration: 1001 / 2000 [ 50%]  (Sampling)
Chain 3: Iteration: 2000 / 2000 [100%]  (Sampling)
Chain 3: 
Chain 3:  Elapsed Time: 0.004 seconds (Warm-up)
Chain 3:                0.003 seconds (Sampling)
Chain 3:                0.007 seconds (Total)
Chain 3: 
Chain 5: Iteration: 1200 / 2000 [ 60%]  (Sampling)
Chain 5: Iteration: 1400 / 2000 [ 70%]  (Sampling)
Chain 5: Iteration: 1600 / 2000 [ 80%]  (Sampling)
Chain 5: Iteration: 1800 / 2000 [ 90%]  (Sampling)
Chain 5: Iteration: 2000 / 2000 [100%]  (Sampling)
Chain 5: 
Chain 5:  Elapsed Time: 0.003 seconds (Warm-up)
Chain 5:                0.003 seconds (Sampling)
Chain 5:                0.006 seconds (Total)
Chain 5: 
Chain 6: 
Chain 6: Gradient evaluation took 0.002568 seconds
Chain 6: 1000 transitions using 10 leapfrog steps per transition would take 25.68 seconds.
Chain 6: Adjust your expectations accordingly!
Chain 6: 
Chain 6: 
Chain 6: Iteration:    1 / 2000 [  0%]  (Warmup)
Chain 6: Iteration:  200 / 2000 [ 10%]  (Warmup)
Chain 6: Iteration:  400 / 2000 [ 20%]  (Warmup)
Chain 7Chain : 
Chain 7: 6: Gradient evaluation took 0.00239 seconds
Iteration:  600 / 2000 [ 30%]  (Warmup)
Chain 7: 1000 transitions using 10 leapfrog steps per transition would take 23.9 seconds.
Chain 7: Adjust your expectations accordingly!
Chain 7: 
Chain 7: 
Chain 7: Iteration:    1 / 2000 [  0%]  (Warmup)
Chain 6: Iteration:  800 / 2000 [ 40%]  (Warmup)
Chain 7: Iteration:  200 / 2000 [ 10%]  (Warmup)
Chain 6: Iteration: 1000 / 2000 [ 50%]  (Warmup)
Chain 6: Iteration: 1001 / 2000 [ 50%]  (Sampling)
Chain 7: Iteration:  400 / 2000 [ 20%]  (Warmup)
Chain 6: Iteration: 1200 / 2000 [ 60%]  (Sampling)
Chain 6: Iteration: 1400 / 2000 [ 70%]  (Sampling)
Chain 7: Iteration:  600 / 2000 [ 30%]  (Warmup)
Chain 7: Iteration:  800 / 2000 [ 40%]  (Warmup)
Chain 6: Iteration: 1600 / 2000 [ 80%]  (Sampling)
Chain 7: Iteration: 1000 / 2000 [ 50%]  (Warmup)
Chain 7: Iteration: 1001 / 2000 [ 50%]  (Sampling)
Chain 6: Iteration: 1800 / 2000 [ 90%]  (Sampling)
Chain 7: Iteration: 1200 / 2000 [ 60%]  (Sampling)
Chain 6: Iteration: 2000 / 2000 [100%]  (Sampling)
Chain 6: 
Chain 6:  Elapsed Time: 0.004 seconds (Warm-up)
Chain 6:                0.004 seconds (Sampling)
Chain 6:                0.008 seconds (Total)
Chain 6: 
Chain 7: Iteration: 1400 / 2000 [ 70%]  (Sampling)
Chain 7: Iteration: 1600 / 2000 [ 80%]  (Sampling)
Chain 7: Iteration: 1800 / 2000 [ 90%]  (Sampling)
Chain 8: 
Chain 8: Gradient evaluation took 1.5e-05 seconds
Chain 8: 1000 transitions using 10 leapfrog steps per transition would take 0.15 seconds.
Chain 8: Adjust your expectations accordingly!
Chain 8: 
Chain 8: 
Chain 8: Iteration:    1 / 2000 [  0%]  (Warmup)
Chain 7: Iteration: 2000 / 2000 [100%]  (Sampling)
Chain 7: 
Chain 7:  Elapsed Time: 0.004 seconds (Warm-up)
Chain 7:                0.005 seconds (Sampling)
Chain 7:                0.009 seconds (Total)
Chain 7: 
Chain 8: Iteration:  200 / 2000 [ 10%]  (Warmup)
Chain 8: Iteration:  400 / 2000 [ 20%]  (Warmup)
Chain 8: Iteration:  600 / 2000 [ 30%]  (Warmup)
Chain 8: Iteration:  800 / 2000 [ 40%]  (Warmup)
Chain 8: Iteration: 1000 / 2000 [ 50%]  (Warmup)
Chain 8: Iteration: 1001 / 2000 [ 50%]  (Sampling)
Chain 8: Iteration: 1200 / 2000 [ 60%]  (Sampling)
Chain 8: Iteration: 1400 / 2000 [ 70%]  (Sampling)
Chain 8: Iteration: 1600 / 2000 [ 80%]  (Sampling)
Chain 8: Iteration: 1800 / 2000 [ 90%]  (Sampling)
Chain 8: Iteration: 2000 / 2000 [100%]  (Sampling)
Chain 8: 
Chain 8:  Elapsed Time: 0.004 seconds (Warm-up)
Chain 8:                0.003 seconds (Sampling)
Chain 8:                0.007 seconds (Total)
Chain 8: 
            mean se_mean     sd    2.5%     25%     50%     75%   97.5%
theta[1] -0.0120  0.0118 1.0066 -1.9871 -0.6958 -0.0108  0.6707  1.9304
theta[2] -0.0037  0.0117 0.9986 -1.9585 -0.6928  0.0048  0.6700  1.9374
lp__     -1.0051  0.0165 1.0032 -3.6701 -1.3841 -0.6969 -0.2917 -0.0267
            n_eff   Rhat
theta[1] 7226.248 1.0000
theta[2] 7244.515 1.0001
lp__     3703.674 1.0017
Finished in 0.06 minutes

########################################
Running: /Users/chegu121/Documents/Phd-cici/r_package/pairwiserhat/experiments/baseline_rhat/three_cluster.R 
########################################
Loading required package: StanHeaders

rstan version 2.32.7 (Stan version 2.32.2)

For execution on a local, multicore CPU with excess RAM we recommend calling
options(mc.cores = parallel::detectCores()).
To avoid recompilation of unchanged Stan programs, we recommend calling
rstan_options(auto_write = TRUE)
For within-chain threading using `reduce_sum()` or `map_rect()` Stan functions,
change `threads_per_chain` option:
rstan_options(threads_per_chain = 1)


SAMPLING FOR MODEL 'anon_model' NOW (CHAIN 1).
Chain 1: 
Chain 1: Gradient evaluation took 2.2e-05 seconds
Chain 1: 1000 transitions using 10 leapfrog steps per transition would take 0.22 seconds.
Chain 1: Adjust your expectations accordingly!
Chain 1: 
Chain 1: 
Chain 1: Iteration:    1 / 2000 [  0%]  (Warmup)
Chain 1: Iteration:  200 / 2000 [ 10%]  (Warmup)

SAMPLING FOR MODEL 'anon_model' NOW (CHAIN 2).
Chain 1: Iteration:  400 / 2000 [ 20%]  (Warmup)
Chain 1: Iteration:  600 / 2000 [ 30%]  (Warmup)

SAMPLING FOR MODEL 'anon_model' NOW (CHAIN 3).
Chain 1: Iteration:  800 / 2000 [ 40%]  (Warmup)
Chain 1: Iteration: 1000 / 2000 [ 50%]  (Warmup)
Chain 1: Iteration: 1001 / 2000 [ 50%]  (Sampling)
Chain 1: Iteration: 1200 / 2000 [ 60%]  (Sampling)
Chain 1: Iteration: 1400 / 2000 [ 70%]  (Sampling)
Chain 1: Iteration: 1600 / 2000 [ 80%]  (Sampling)
Chain 1: Iteration: 1800 / 2000 [ 90%]  (Sampling)
Chain 1: Iteration: 2000 / 2000 [100%]  (Sampling)
Chain 1: 
Chain 1:  Elapsed Time: 0.013 seconds (Warm-up)
Chain 1:                0.009 seconds (Sampling)
Chain 1:                0.022 seconds (Total)
Chain 1: 
Chain 3: 
Chain 3: Gradient evaluation took 3.1e-05 seconds
Chain 3: 1000 transitions using 10 leapfrog steps per transition would take 0.31 seconds.
Chain 3: Adjust your expectations accordingly!
Chain 3: 
Chain 3: 
Chain 3: Iteration:    1 / 2000 [  0%]  (Warmup)

SAMPLING FOR MODEL 'anon_model' NOW (CHAIN 5).

SAMPLING FOR MODEL 'anon_model' NOW (CHAIN 4).
Chain 2: 
Chain 2: Gradient evaluation took 3.6e-05 seconds
Chain 2: 1000 transitions using 10 leapfrog steps per transition would take 0.36 seconds.
Chain 2: Adjust your expectations accordingly!
Chain 2: 
Chain 2: 
Chain 2: Iteration:    1 / 2000 [  0%]  (Warmup)
Chain 4: 
Chain 4: Gradient evaluation took 1e-05 seconds
Chain 4: 1000 transitions using 10 leapfrog steps per transition would take 0.1 seconds.
Chain 4: Adjust your expectations accordingly!
Chain 4: 
Chain 4: 
Chain 4: Iteration:    1 / 2000 [  0%]  (Warmup)
Chain 5: 
Chain 5: Gradient evaluation took 1.9e-05 seconds
Chain 5: 1000 transitions using 10 leapfrog steps per transition would take 0.19 seconds.
Chain 5: Adjust your expectations accordingly!
Chain 5: 
Chain 5: 
Chain 5: Iteration:    1 / 2000 [  0%]  (Warmup)
Chain 2: Iteration:  200 / 2000 [ 10%]  (Warmup)
Chain 3: Iteration:  200 / 2000 [ 10%]  (Warmup)
Chain 4: Iteration:  200 / 2000 [ 10%]  (Warmup)
Chain 3: Iteration:  400 / 2000 [ 20%]  (Warmup)

SAMPLING FOR MODEL 'anon_model' NOW (CHAIN 6).
Chain 2: Iteration:  400 / 2000 [ 20%]  (Warmup)
Chain Chain 34: : Iteration:  600 / 2000 [ 30%]  (Warmup)Iteration:  400 / 2000 [ 20%]  (Warmup)

Chain 2: Iteration:  600 / 2000 [ 30%]  (Warmup)
Chain 5: Iteration:  200 / 2000 [ 10%]  (Warmup)
Chain 3: Iteration:  800 / 2000 [ 40%]  (Warmup)
Chain 2: Iteration:  800 / 2000 [ 40%]  (Warmup)
Chain 4: Iteration:  600 / 2000 [ 30%]  (Warmup)
Chain 3: Iteration: 1000 / 2000 [ 50%]  (Warmup)
Chain 3: Iteration: 1001 / 2000 [ 50%]  (Sampling)
Chain 4: Iteration:  800 / 2000 [ 40%]  (Warmup)
Chain 5: Iteration:  400 / 2000 [ 20%]  (Warmup)
Chain 2: Iteration: 1000 / 2000 [ 50%]  (Warmup)
Chain 2: Iteration: 1001 / 2000 [ 50%]  (Sampling)
Chain 4: Iteration: 1000 / 2000 [ 50%]  (Warmup)
Chain 4: Iteration: 1001 / 2000 [ 50%]  (Sampling)
Chain 6: 
Chain 6: Gradient evaluation took 3.3e-05 seconds
Chain 6: 1000 transitions using 10 leapfrog steps per transition would take 0.33 seconds.
Chain 6: Adjust your expectations accordingly!
Chain 6: 
Chain 6: 
Chain 6: Iteration:    1 / 2000 [  0%]  (Warmup)
Chain 3: Iteration: 1200 / 2000 [ 60%]  (Sampling)

SAMPLING FOR MODEL 'anon_model' NOW (CHAIN 7).

SAMPLING FOR MODEL 'anon_model' NOW (CHAIN 8).
Chain 5: Iteration:  600 / 2000 [ 30%]  (Warmup)
Chain 2: Iteration: 1200 / 2000 [ 60%]  (Sampling)
Chain 5: Iteration:  800 / 2000 [ 40%]  (Warmup)
Chain 4: Iteration: 1200 / 2000 [ 60%]  (Sampling)
Chain 3: Iteration: 1400 / 2000 [ 70%]  (Sampling)
Chain 2: Iteration: 1400 / 2000 [ 70%]  (Sampling)
Chain 4: Iteration: 1400 / 2000 [ 70%]  (Sampling)
Chain 5: Iteration: 1000 / 2000 [ 50%]  (Warmup)
Chain 5: Iteration: 1001 / 2000 [ 50%]  (Sampling)
Chain 3: Iteration: 1600 / 2000 [ 80%]  (Sampling)
Chain 2: Iteration: 1600 / 2000 [ 80%]  (Sampling)
Chain 4: Iteration: 1600 / 2000 [ 80%]  (Sampling)
Chain 3: Iteration: 1800 / 2000 [ 90%]  (Sampling)
Chain 2: Iteration: 1800 / 2000 [ 90%]  (Sampling)
Chain 4: Iteration: 1800 / 2000 [ 90%]  (Sampling)
Chain 3: Iteration: 2000 / 2000 [100%]  (Sampling)
Chain 4: Iteration: 2000 / 2000 [100%]  (Sampling)
Chain 4: 
Chain 4:  Elapsed Time: 0.015 seconds (Warm-up)
Chain 4:                0.009 seconds (Sampling)
Chain 4:                0.024 seconds (Total)
Chain 4: 
Chain 3: 
Chain 3:  Elapsed Time: 0.015 seconds (Warm-up)
Chain 3:                0.011 seconds (Sampling)
Chain 3:                0.026 seconds (Total)
Chain 3: 
Chain 2: Iteration: 2000 / 2000 [100%]  (Sampling)
Chain 6: Iteration:  200 / 2000 [ 10%]  (Warmup)
Chain 2: 
Chain 2:  Elapsed Time: 0.014 seconds (Warm-up)
Chain 2:                0.011 seconds (Sampling)
Chain 2:                0.025 seconds (Total)
Chain 2: 
Chain 7: 
Chain 7: Gradient evaluation took 8.5e-05 seconds
Chain 7: 1000 transitions using 10 leapfrog steps per transition would take 0.85 seconds.
Chain 7: Adjust your expectations accordingly!
Chain 7: 
Chain 7: 
Chain 5: Iteration: 1200 / 2000 [ 60%]  (Sampling)
Chain 7: Iteration:    1 / 2000 [  0%]  (Warmup)
Chain 6: Iteration:  400 / 2000 [ 20%]  (Warmup)
Chain 5: Iteration: 1400 / 2000 [ 70%]  (Sampling)
Chain 7: Iteration:  200 / 2000 [ 10%]  (Warmup)
Chain 6: Iteration:  600 / 2000 [ 30%]  (Warmup)
Chain 8: 
Chain 8: Gradient evaluation took 1.7e-05 seconds
Chain 8: 1000 transitions using 10 leapfrog steps per transition would take 0.17 seconds.
Chain 8: Adjust your expectations accordingly!
Chain 8: 
Chain 8: 
Chain 5: Iteration: 1600 / 2000 [ 80%]  (Sampling)
Chain 8: Iteration:    1 / 2000 [  0%]  (Warmup)
Chain 7: Iteration:  400 / 2000 [ 20%]  (Warmup)
Chain 6: Iteration:  800 / 2000 [ 40%]  (Warmup)
Chain 6: Iteration: 1000 / 2000 [ 50%]  (Warmup)
Chain 6: Iteration: 1001 / 2000 [ 50%]  (Sampling)
Chain 7: Iteration:  600 / 2000 [ 30%]  (Warmup)
Chain 5: Iteration: 1800 / 2000 [ 90%]  (Sampling)
Chain 7: Iteration:  800 / 2000 [ 40%]  (Warmup)
Chain 6: Iteration: 1200 / 2000 [ 60%]  (Sampling)
Chain 7: Iteration: 1000 / 2000 [ 50%]  (Warmup)
Chain 7: Iteration: 1001 / 2000 [ 50%]  (Sampling)
Chain 5: Iteration: 2000 / 2000 [100%]  (Sampling)
Chain 5: 
Chain 5:  Elapsed Time: 0.019 seconds (Warm-up)
Chain 5:                0.019 seconds (Sampling)
Chain 5:                0.038 seconds (Total)
Chain 5: 
Chain 6: Iteration: 1400 / 2000 [ 70%]  (Sampling)
Chain 7: Iteration: 1200 / 2000 [ 60%]  (Sampling)
Chain 6: Iteration: 1600 / 2000 [ 80%]  (Sampling)
Chain 7: Iteration: 1400 / 2000 [ 70%]  (Sampling)
Chain 6: Iteration: 1800 / 2000 [ 90%]  (Sampling)
Chain 8: Iteration:  200 / 2000 [ 10%]  (Warmup)
Chain 7: Iteration: 1600 / 2000 [ 80%]  (Sampling)
Chain 6: Iteration: 2000 / 2000 [100%]  (Sampling)
Chain 6: 
Chain 6:  Elapsed Time: 0.019 seconds (Warm-up)
Chain Chain 7: 6:                0.011 seconds (Sampling)
Chain 6:                0.03 seconds (Total)
Chain 6: 
Iteration: 1800 / 2000 [ 90%]  (Sampling)
Chain 8: Iteration:  400 / 2000 [ 20%]  (Warmup)
Chain 7: Iteration: 2000 / 2000 [100%]  (Sampling)
Chain 7: 
Chain 7:  Elapsed Time: 0.01 seconds (Warm-up)
Chain 7:                0.011 seconds (Sampling)
Chain 7:                0.021 seconds (Total)
Chain 7: 
Chain 8: Iteration:  600 / 2000 [ 30%]  (Warmup)
Chain 8: Iteration:  800 / 2000 [ 40%]  (Warmup)
Chain 8: Iteration: 1000 / 2000 [ 50%]  (Warmup)
Chain 8: Iteration: 1001 / 2000 [ 50%]  (Sampling)
Chain 8: Iteration: 1200 / 2000 [ 60%]  (Sampling)
Chain 8: Iteration: 1400 / 2000 [ 70%]  (Sampling)
Chain 8: Iteration: 1600 / 2000 [ 80%]  (Sampling)
Chain 8: Iteration: 1800 / 2000 [ 90%]  (Sampling)
Chain 8: Iteration: 2000 / 2000 [100%]  (Sampling)
Chain 8: 
Chain 8:  Elapsed Time: 0.023 seconds (Warm-up)
Chain 8:                0.011 seconds (Sampling)
Chain 8:                0.034 seconds (Total)
Chain 8: 
Warning messages:
1: The largest R-hat is 1.8, indicating chains have not mixed.
Running the chains for more iterations may help. See
https://mc-stan.org/misc/warnings.html#r-hat 
2: Bulk Effective Samples Size (ESS) is too low, indicating posterior means and medians may be unreliable.
Running the chains for more iterations may help. See
https://mc-stan.org/misc/warnings.html#bulk-ess 
3: Tail Effective Samples Size (ESS) is too low, indicating posterior variances and tail quantiles may be unreliable.
Running the chains for more iterations may help. See
https://mc-stan.org/misc/warnings.html#tail-ess 
            mean se_mean     sd    2.5%     25%     50%     75%   97.5%
theta[1] -0.0037  1.4990 3.0364 -6.4182 -0.4922 -0.0020  0.4808  6.4079
theta[2]  3.8823  1.9452 3.9201 -5.4091  3.4600  5.7924  6.2269  6.9184
lp__     -1.4467  0.0171 1.0057 -4.2316 -1.8188 -1.1343 -0.7420 -0.4826
             n_eff   Rhat
theta[1]    4.1030 6.2693
theta[2]    4.0614 8.1267
lp__     3469.0087 1.0001
Finished in 0.06 minutes

########################################
Running: /Users/chegu121/Documents/Phd-cici/r_package/pairwiserhat/experiments/baseline_rhat/funnel.R 
########################################
Loading required package: StanHeaders

rstan version 2.32.7 (Stan version 2.32.2)

For execution on a local, multicore CPU with excess RAM we recommend calling
options(mc.cores = parallel::detectCores()).
To avoid recompilation of unchanged Stan programs, we recommend calling
rstan_options(auto_write = TRUE)
For within-chain threading using `reduce_sum()` or `map_rect()` Stan functions,
change `threads_per_chain` option:
rstan_options(threads_per_chain = 1)

[1] TRUE

SAMPLING FOR MODEL 'anon_model' NOW (CHAIN 1).

SAMPLING FOR MODEL 'anon_model' NOW (CHAIN 2).
Chain 2: 
Chain 2: Gradient evaluation took 2.5e-05 seconds
Chain 2: 1000 transitions using 10 leapfrog steps per transition would take 0.25 seconds.
Chain 2: Adjust your expectations accordingly!
Chain 2: 
Chain 2: 
Chain 1: 
Chain 1: Gradient evaluation took 1.6e-05 seconds
Chain 1: 1000 transitions using 10 leapfrog steps per transition would take 0.16 seconds.
Chain 1: Adjust your expectations accordingly!
Chain 1: 
Chain 1: 
Chain 1: Iteration:    1 / 2000 [  0%]  (Warmup)
Chain 2: Iteration:    1 / 2000 [  0%]  (Warmup)
Chain 2: Iteration:  200 / 2000 [ 10%]  (Warmup)
Chain 1: Iteration:  200 / 2000 [ 10%]  (Warmup)

SAMPLING FOR MODEL 'anon_model' NOW (CHAIN 3).
Chain 2: Iteration:  400 / 2000 [ 20%]  (Warmup)
Chain 1: Iteration:  400 / 2000 [ 20%]  (Warmup)
Chain 3: 
Chain 3: Gradient evaluation took 1.4e-05 seconds
Chain 3: 1000 transitions using 10 leapfrog steps per transition would take 0.14 seconds.
Chain 3: Adjust your expectations accordingly!
Chain 3: 
Chain 3: 
Chain 3: Iteration:    1 / 2000 [  0%]  (Warmup)
Chain 2: Iteration:  600 / 2000 [ 30%]  (Warmup)
Chain 1: Iteration:  600 / 2000 [ 30%]  (Warmup)
Chain 1: Iteration:  800 / 2000 [ 40%]  (Warmup)
Chain 2: Iteration:  800 / 2000 [ 40%]  (Warmup)
Chain 1: Iteration: 1000 / 2000 [ 50%]  (Warmup)
Chain 1: Iteration: 1001 / 2000 [ 50%]  (Sampling)
Chain 3: Iteration:  200 / 2000 [ 10%]  (Warmup)

SAMPLING FOR MODEL 'anon_model' NOW (CHAIN 4).
Chain 2: Iteration: 1000 / 2000 [ 50%]  (Warmup)
Chain 2: Iteration: 1001 / 2000 [ 50%]  (Sampling)
Chain 1: Iteration: 1200 / 2000 [ 60%]  (Sampling)
Chain 3: Iteration:  400 / 2000 [ 20%]  (Warmup)
Chain 1: Iteration: 1400 / 2000 [ 70%]  (Sampling)
Chain 4: 
Chain 4: Gradient evaluation took 1.7e-05 seconds
Chain 4: 1000 transitions using 10 leapfrog steps per transition would take 0.17 seconds.
Chain 4: Adjust your expectations accordingly!
Chain 4: 
Chain 4: 
Chain 2: Iteration: 1200 / 2000 [ 60%]  (Sampling)
Chain 4: Iteration:    1 / 2000 [  0%]  (Warmup)
Chain 1: Iteration: 1600 / 2000 [ 80%]  (Sampling)

SAMPLING FOR MODEL 'anon_model' NOW (CHAIN 5).

SAMPLING FOR MODEL 'anon_model' NOW (CHAIN 6).
Chain 1: Iteration: 1800 / 2000 [ 90%]  (Sampling)
Chain 3: Iteration:  600 / 2000 [ 30%]  (Warmup)
Chain 1: Iteration: 2000 / 2000 [100%]  (Sampling)
Chain 1: 
Chain 1:  Elapsed Time: 0.006 seconds (Warm-up)
Chain 1:                0.004 seconds (Sampling)
Chain 1:                0.01 seconds (Total)
Chain 1: 
Chain 2: Iteration: 1400 / 2000 [ 70%]  (Sampling)
Chain 5: 
Chain 5: Gradient evaluation took 3.9e-05 seconds
Chain 5: 1000 transitions using 10 leapfrog steps per transition would take 0.39 seconds.
Chain 5: Adjust your expectations accordingly!
Chain 5: 
Chain 5: 
Chain 5: Iteration:    1 / 2000 [  0%]  (Warmup)
Chain 4: Iteration:  200 / 2000 [ 10%]  (Warmup)

SAMPLING FOR MODEL 'anon_model' NOW (CHAIN 7).
Chain 6: 
Chain 6: Gradient evaluation took 8e-06 seconds
Chain 6: 1000 transitions using 10 leapfrog steps per transition would take 0.08 seconds.
Chain 6: Adjust your expectations accordingly!
Chain 6: 
Chain 6: 
Chain 6: Iteration:    1 / 2000 [  0%]  (Warmup)
Chain 3: Iteration:  800 / 2000 [ 40%]  (Warmup)
Chain 2: Iteration: 1600 / 2000 [ 80%]  (Sampling)
Chain 4: Iteration:  400 / 2000 [ 20%]  (Warmup)
Chain 5: Iteration:  200 / 2000 [ 10%]  (Warmup)
Chain 3: Iteration: 1000 / 2000 [ 50%]  (Warmup)
Chain 3: Iteration: 1001 / 2000 [ 50%]  (Sampling)
Chain 6: Iteration:  200 / 2000 [ 10%]  (Warmup)
Chain 7: 
Chain 7: Gradient evaluation took 0.0003 seconds
Chain 7: 1000 transitions using 10 leapfrog steps per transition would take 3 seconds.
Chain 7: Adjust your expectations accordingly!
Chain 7: 
Chain 7: 
Chain 7: Iteration:    1 / 2000 [  0%]  (Warmup)

SAMPLING FOR MODEL 'anon_model' NOW (CHAIN 8).
Chain 3: Iteration: 1200 / 2000 [ 60%]  (Sampling)
Chain 3: Iteration: 1400 / 2000 [ 70%]  (Sampling)
Chain 3: Iteration: 1600 / 2000 [ 80%]  (Sampling)
Chain 5: Iteration:  400 / 2000 [ 20%]  (Warmup)
Chain 4: Iteration:  600 / 2000 [ 30%]  (Warmup)
Chain 7: Iteration:  200 / 2000 [ 10%]  (Warmup)
Chain 6: Iteration:  400 / 2000 [ 20%]  (Warmup)
Chain 2: Iteration: 1800 / 2000 [ 90%]  (Sampling)
Chain 3: Iteration: 1800 / 2000 [ 90%]  (Sampling)
Chain 8: 
Chain 8: Gradient evaluation took 1.8e-05 seconds
Chain 8: 1000 transitions using 10 leapfrog steps per transition would take 0.18 seconds.
Chain 8: Adjust your expectations accordingly!
Chain 8: 
Chain 8: 
Chain 8: Iteration:    1 / 2000 [  0%]  (Warmup)
Chain 2: Iteration: 2000 / 2000 [100%]  (Sampling)
Chain 2: 
Chain 2:  Elapsed Time: 0.007 seconds (Warm-up)
Chain 2:                0.009 seconds (Sampling)
Chain 2:                0.016 seconds (Total)
Chain 2: 
Chain 3: Iteration: 2000 / 2000 [100%]  (Sampling)
Chain 3: 
Chain 3:  Elapsed Time: 0.009 seconds (Warm-up)
Chain 3:                0.003 seconds (Sampling)
Chain 3:                0.012 seconds (Total)
Chain 3: 
Chain 7: Iteration:  400 / 2000 [ 20%]  (Warmup)
Chain 4: Iteration:  800 / 2000 [ 40%]  (Warmup)
Chain 6: Iteration:  600 / 2000 [ 30%]  (Warmup)
Chain 5: Iteration:  600 / 2000 [ 30%]  (Warmup)
Chain Chain 87: : Iteration:  200 / 2000 [ 10%]  (Warmup)Iteration:  600 / 2000 [ 30%]  (Warmup)

Chain 7: Iteration:  800 / 2000 [ 40%]  (Warmup)
Chain Chain 85: Iteration:  800 / 2000 [ 40%]  (Warmup)
: Iteration:  400 / 2000 [ 20%]  (Warmup)
Chain 6: Iteration:  800 / 2000 [ 40%]  (Warmup)
Chain 4: Iteration: 1000 / 2000 [ 50%]  (Warmup)
Chain 4: Iteration: 1001 / 2000 [ 50%]  (Sampling)
Chain 7: Iteration: 1000 / 2000 [ 50%]  (Warmup)
Chain 7: Iteration: 1001 / 2000 [ 50%]  (Sampling)
Chain 8: Iteration:  600 / 2000 [ 30%]  (Warmup)
Chain 6: Iteration: 1000 / 2000 [ 50%]  (Warmup)
Chain 6: Iteration: 1001 / 2000 [ 50%]  (Sampling)
Chain 7: Iteration: 1200 / 2000 [ 60%]  (Sampling)
Chain 5: Iteration: 1000 / 2000 [ 50%]  (Warmup)
Chain 5: Iteration: 1001 / 2000 [ 50%]  (Sampling)
Chain 4: Iteration: 1200 / 2000 [ 60%]  (Sampling)
Chain 6: Iteration: 1200 / 2000 [ 60%]  (Sampling)
Chain 5: Iteration: 1200 / 2000 [ 60%]  (Sampling)
Chain 7: Iteration: 1400 / 2000 [ 70%]  (Sampling)
Chain 8: Iteration:  800 / 2000 [ 40%]  (Warmup)
Chain 4: Iteration: 1400 / 2000 [ 70%]  (Sampling)
Chain 5: Iteration: 1400 / 2000 [ 70%]  (Sampling)
Chain 7: Iteration: 1600 / 2000 [ 80%]  (Sampling)
Chain 6: Iteration: 1400 / 2000 [ 70%]  (Sampling)
Chain 5: Iteration: 1600 / 2000 [ 80%]  (Sampling)
Chain 8: Iteration: 1000 / 2000 [ 50%]  (Warmup)
Chain 8: Iteration: 1001 / 2000 [ 50%]  (Sampling)
Chain 4: Iteration: 1600 / 2000 [ 80%]  (Sampling)
Chain 6: Iteration: 1600 / 2000 [ 80%]  (Sampling)
Chain 5: Iteration: 1800 / 2000 [ 90%]  (Sampling)
Chain 4: Iteration: 1800 / 2000 [ 90%]  (Sampling)
Chain 6: Iteration: 1800 / 2000 [ 90%]  (Sampling)
Chain 8: Iteration: 1200 / 2000 [ 60%]  (Sampling)
Chain 5: Iteration: 2000 / 2000 [100%]  (Sampling)
Chain 5: 
Chain 5:  Elapsed Time: 0.01 seconds (Warm-up)
Chain 5:                0.005 seconds (Sampling)
Chain 5:                0.015 seconds (Total)
Chain 5: 
Chain 6: Iteration: 2000 / 2000 [100%]  (Sampling)
Chain 6: 
Chain 6:  Elapsed Time: 0.01 seconds (Warm-up)
Chain 6:                0.006 seconds (Sampling)
Chain 6:                0.016 seconds (Total)
Chain 6: 
Chain 4: Iteration: 2000 / 2000 [100%]  (Sampling)
Chain 4: 
Chain 4:  Elapsed Time: 0.011 seconds (Warm-up)
Chain 4:                0.007 seconds (Sampling)
Chain 4:                0.018 seconds (Total)
Chain 4: 
Chain 7: Iteration: 1800 / 2000 [ 90%]  (Sampling)
Chain 8: Iteration: 1400 / 2000 [ 70%]  (Sampling)
Chain 7: Iteration: 2000 / 2000 [100%]  (Sampling)
Chain 7: 
Chain 7:  Elapsed Time: 0.007 seconds (Warm-up)
Chain 7:                0.017 seconds (Sampling)
Chain 7:                0.024 seconds (Total)
Chain 7: 
Chain 8: Iteration: 1600 / 2000 [ 80%]  (Sampling)
Chain 8: Iteration: 1800 / 2000 [ 90%]  (Sampling)
Chain 8: Iteration: 2000 / 2000 [100%]  (Sampling)
Chain 8: 
Chain 8:  Elapsed Time: 0.008 seconds (Warm-up)
Chain 8:                0.014 seconds (Sampling)
Chain 8:                0.022 seconds (Total)
Chain 8: 
Warning messages:
1: There were 1872 divergent transitions after warmup. See
https://mc-stan.org/misc/warnings.html#divergent-transitions-after-warmup
to find out why this is a problem and how to eliminate them. 
2: Examine the pairs() plot to diagnose sampling problems
 
3: The largest R-hat is 1.46, indicating chains have not mixed.
Running the chains for more iterations may help. See
https://mc-stan.org/misc/warnings.html#r-hat 
4: Bulk Effective Samples Size (ESS) is too low, indicating posterior means and medians may be unreliable.
Running the chains for more iterations may help. See
https://mc-stan.org/misc/warnings.html#bulk-ess 
5: Tail Effective Samples Size (ESS) is too low, indicating posterior variances and tail quantiles may be unreliable.
Running the chains for more iterations may help. See
https://mc-stan.org/misc/warnings.html#tail-ess 
        mean se_mean     sd    2.5%     25%     50%    75%  97.5%     n_eff
y    -0.6172  1.3031 3.4664 -7.6450 -2.7798 -0.3291 1.6929 5.4498    7.0762
x     0.1393  0.1279 4.1967 -7.5491 -0.4200 -0.0021 0.4729 8.8218 1076.9784
lp__ -0.7814  0.2493 1.6570 -5.0366 -1.6118 -0.2662 0.5005 1.0231   44.1823
       Rhat
y    1.7253
x    1.0062
lp__ 1.1369
Finished in 0.69 minutes

########################################
Running: /Users/chegu121/Documents/Phd-cici/r_package/pairwiserhat/experiments/baseline_rhat/linear_with_noise.R 
########################################
Loading required package: StanHeaders

rstan version 2.32.7 (Stan version 2.32.2)

For execution on a local, multicore CPU with excess RAM we recommend calling
options(mc.cores = parallel::detectCores()).
To avoid recompilation of unchanged Stan programs, we recommend calling
rstan_options(auto_write = TRUE)
For within-chain threading using `reduce_sum()` or `map_rect()` Stan functions,
change `threads_per_chain` option:
rstan_options(threads_per_chain = 1)

[1] TRUE

SAMPLING FOR MODEL 'anon_model' NOW (CHAIN 1).
Chain 1: 
Chain 1: Gradient evaluation took 4.2e-05 seconds
Chain 1: 1000 transitions using 10 leapfrog steps per transition would take 0.42 seconds.
Chain 1: Adjust your expectations accordingly!
Chain 1: 
Chain 1: 
Chain 1: Iteration:    1 / 2000 [  0%]  (Warmup)

SAMPLING FOR MODEL 'anon_model' NOW (CHAIN 2).

SAMPLING FOR MODEL 'anon_model' NOW (CHAIN 3).
Chain 1: Iteration:  200 / 2000 [ 10%]  (Warmup)
Chain 3: 
Chain 3: Gradient evaluation took 4.7e-05 seconds
Chain 3: 1000 transitions using 10 leapfrog steps per transition would take 0.47 seconds.
Chain 3: Adjust your expectations accordingly!
Chain 3: 
Chain 3: 
Chain 3: Iteration:    1 / 2000 [  0%]  (Warmup)
Chain 2: 
Chain 2: Gradient evaluation took 3.6e-05 seconds
Chain 2: 1000 transitions using 10 leapfrog steps per transition would take 0.36 seconds.
Chain 2: Adjust your expectations accordingly!
Chain 2: 
Chain 2: 
Chain 2: Iteration:    1 / 2000 [  0%]  (Warmup)

SAMPLING FOR MODEL 'anon_model' NOW (CHAIN 4).

SAMPLING FOR MODEL 'anon_model' NOW (CHAIN 5).
Chain 4: 
Chain 4: Gradient evaluation took 2.8e-05 seconds
Chain 4: 1000 transitions using 10 leapfrog steps per transition would take 0.28 seconds.
Chain 4: Adjust your expectations accordingly!
Chain 4: 
Chain 4: 
Chain 4: Iteration:    1 / 2000 [  0%]  (Warmup)
Chain 1: Iteration:  400 / 2000 [ 20%]  (Warmup)
Chain 5: 
Chain 5: Gradient evaluation took 3.3e-05 seconds
Chain 5: 1000 transitions using 10 leapfrog steps per transition would take 0.33 seconds.
Chain 5: Adjust your expectations accordingly!
Chain 5: 
Chain 5: 
Chain 5: Iteration:    1 / 2000 [  0%]  (Warmup)
Chain 3: Iteration:  200 / 2000 [ 10%]  (Warmup)

SAMPLING FOR MODEL 'anon_model' NOW (CHAIN 6).
Chain 2: Iteration:  200 / 2000 [ 10%]  (Warmup)

SAMPLING FOR MODEL 'anon_model' NOW (CHAIN 7).
Chain 6: 
Chain 6: Gradient evaluation took 2.2e-05 seconds
Chain 6: 1000 transitions using 10 leapfrog steps per transition would take 0.22 seconds.
Chain 6: Adjust your expectations accordingly!
Chain 6: 
Chain 6: 
Chain 6: Iteration:    1 / 2000 [  0%]  (Warmup)
Chain 1: Iteration:  600 / 2000 [ 30%]  (Warmup)
Chain 7: 
Chain 7: Gradient evaluation took 1.6e-05 seconds
Chain 7: 1000 transitions using 10 leapfrog steps per transition would take 0.16 seconds.
Chain 7: Adjust your expectations accordingly!
Chain 7: 
Chain 7: 
Chain 4: Iteration:  200 / 2000 [ 10%]  (Warmup)
Chain 7: Iteration:    1 / 2000 [  0%]  (Warmup)
Chain 3: Iteration:  400 / 2000 [ 20%]  (Warmup)

SAMPLING FOR MODEL 'anon_model' NOW (CHAIN 8).
Chain 8: 
Chain 8: Gradient evaluation took 2e-05 seconds
Chain 8: 1000 transitions using 10 leapfrog steps per transition would take 0.2 seconds.
Chain 8: Adjust your expectations accordingly!
Chain 8: 
Chain 8: 
Chain 8: Iteration:    1 / 2000 [  0%]  (Warmup)
Chain 2: Iteration:  400 / 2000 [ 20%]  (Warmup)
Chain 1: Iteration:  800 / 2000 [ 40%]  (Warmup)
Chain 6: Iteration:  200 / 2000 [ 10%]  (Warmup)
Chain 5: Iteration:  200 / 2000 [ 10%]  (Warmup)
Chain 4: Iteration:  400 / 2000 [ 20%]  (Warmup)
Chain 3: Iteration:  600 / 2000 [ 30%]  (Warmup)
Chain 7: Iteration:  200 / 2000 [ 10%]  (Warmup)
Chain 2: Iteration:  600 / 2000 [ 30%]  (Warmup)
Chain 1: Iteration: 1000 / 2000 [ 50%]  (Warmup)
Chain 1: Iteration: 1001 / 2000 [ 50%]  (Sampling)
Chain 3: Iteration:  800 / 2000 [ 40%]  (Warmup)
Chain 6: Iteration:  400 / 2000 [ 20%]  (Warmup)
Chain 4: Iteration:  600 / 2000 [ 30%]  (Warmup)
Chain 5: Iteration:  400 / 2000 [ 20%]  (Warmup)
Chain 8: Iteration:  200 / 2000 [ 10%]  (Warmup)
Chain 7: Iteration:  400 / 2000 [ 20%]  (Warmup)
Chain 2: Iteration:  800 / 2000 [ 40%]  (Warmup)
Chain 3: Iteration: 1000 / 2000 [ 50%]  (Warmup)
Chain 3: Iteration: 1001 / 2000 [ 50%]  (Sampling)
Chain 4: Iteration:  800 / 2000 [ 40%]  (Warmup)
Chain 5: Iteration:  600 / 2000 [ 30%]  (Warmup)
Chain 1: Iteration: 1200 / 2000 [ 60%]  (Sampling)
Chain 6: Iteration:  600 / 2000 [ 30%]  (Warmup)
Chain 7: Iteration:  600 / 2000 [ 30%]  (Warmup)
Chain 2: Iteration: 1000 / 2000 [ 50%]  (Warmup)
Chain 2: Iteration: 1001 / 2000 [ 50%]  (Sampling)
Chain 8: Iteration:  400 / 2000 [ 20%]  (Warmup)
Chain 5: Iteration:  800 / 2000 [ 40%]  (Warmup)
Chain 4: Iteration: 1000 / 2000 [ 50%]  (Warmup)
Chain 4: Iteration: 1001 / 2000 [ 50%]  (Sampling)
Chain 6: Iteration:  800 / 2000 [ 40%]  (Warmup)
Chain 3: Iteration: 1200 / 2000 [ 60%]  (Sampling)
Chain 1: Iteration: 1400 / 2000 [ 70%]  (Sampling)
Chain 7: Iteration:  800 / 2000 [ 40%]  (Warmup)
Chain 8: Iteration:  600 / 2000 [ 30%]  (Warmup)
Chain 2: Iteration: 1200 / 2000 [ 60%]  (Sampling)
Chain 5: Iteration: 1000 / 2000 [ 50%]  (Warmup)
Chain 5: Iteration: 1001 / 2000 [ 50%]  (Sampling)
Chain 4: Iteration: 1200 / 2000 [ 60%]  (Sampling)
Chain 6: Iteration: 1000 / 2000 [ 50%]  (Warmup)
Chain 6: Iteration: 1001 / 2000 [ 50%]  (Sampling)
Chain 3: Iteration: 1400 / 2000 [ 70%]  (Sampling)
Chain 1: Iteration: 1600 / 2000 [ 80%]  (Sampling)
Chain 7: Iteration: 1000 / 2000 [ 50%]  (Warmup)
Chain 7: Iteration: 1001 / 2000 [ 50%]  (Sampling)
Chain 8: Iteration:  800 / 2000 [ 40%]  (Warmup)
Chain 5: Iteration: 1200 / 2000 [ 60%]  (Sampling)
Chain 2: Iteration: 1400 / 2000 [ 70%]  (Sampling)
Chain 4: Iteration: 1400 / 2000 [ 70%]  (Sampling)
Chain 3: Iteration: 1600 / 2000 [ 80%]  (Sampling)
Chain 6: Iteration: 1200 / 2000 [ 60%]  (Sampling)
Chain 7: Iteration: 1200 / 2000 [ 60%]  (Sampling)
Chain 1: Iteration: 1800 / 2000 [ 90%]  (Sampling)
Chain 8: Iteration: 1000 / 2000 [ 50%]  (Warmup)
Chain 8: Iteration: 1001 / 2000 [ 50%]  (Sampling)
Chain 5: Iteration: 1400 / 2000 [ 70%]  (Sampling)
Chain 2: Iteration: 1600 / 2000 [ 80%]  (Sampling)
Chain 4: Iteration: 1600 / 2000 [ 80%]  (Sampling)
Chain 3: Iteration: 1800 / 2000 [ 90%]  (Sampling)
Chain 7: Iteration: 1400 / 2000 [ 70%]  (Sampling)
Chain 6: Iteration: 1400 / 2000 [ 70%]  (Sampling)
Chain 8: Iteration: 1200 / 2000 [ 60%]  (Sampling)
Chain 1: Iteration: 2000 / 2000 [100%]  (Sampling)
Chain 1: 
Chain 1:  Elapsed Time: 0.01 seconds (Warm-up)
Chain 1:                0.011 seconds (Sampling)
Chain 1:                0.021 seconds (Total)
Chain 1: 
Chain 5: Iteration: 1600 / 2000 [ 80%]  (Sampling)
Chain 4: Iteration: 1800 / 2000 [ 90%]  (Sampling)
Chain 3: Iteration: 2000 / 2000 [100%]  (Sampling)
Chain 3: 
Chain 3:  Elapsed Time: 0.009 seconds (Warm-up)
Chain 3:                0.01 seconds (Sampling)
Chain 3:                0.019 seconds (Total)
Chain 3: 
Chain 2: Iteration: 1800 / 2000 [ 90%]  (Sampling)
Chain 7: Iteration: 1600 / 2000 [ 80%]  (Sampling)
Chain 8: Iteration: 1400 / 2000 [ 70%]  (Sampling)
Chain 6: Iteration: 1600 / 2000 [ 80%]  (Sampling)
Chain 5: Iteration: 1800 / 2000 [ 90%]  (Sampling)
Chain 4: Iteration: 2000 / 2000 [100%]  (Sampling)
Chain 4: 
Chain 4:  Elapsed Time: 0.009 seconds (Warm-up)
Chain 4:                0.01 seconds (Sampling)
Chain 4:                0.019 seconds (Total)
Chain 4: 
Chain 2: Iteration: 2000 / 2000 [100%]  (Sampling)
Chain 2: 
Chain 2:  Elapsed Time: 0.01 seconds (Warm-up)
Chain 2:                0.011 seconds (Sampling)
Chain 2:                0.021 seconds (Total)
Chain 2: 
Chain 7: Iteration: 1800 / 2000 [ 90%]  (Sampling)
Chain 8: Iteration: 1600 / 2000 [ 80%]  (Sampling)
Chain 6: Iteration: 1800 / 2000 [ 90%]  (Sampling)
Chain 5: Iteration: 2000 / 2000 [100%]  (Sampling)
Chain 5: 
Chain 5:  Elapsed Time: 0.011 seconds (Warm-up)
Chain 5:                0.01 seconds (Sampling)
Chain 5:                0.021 seconds (Total)
Chain 5: 
Chain 7: Iteration: 2000 / 2000 [100%]  (Sampling)
Chain 7: 
Chain 7:  Elapsed Time: 0.01 seconds (Warm-up)
Chain 7:                0.009 seconds (Sampling)
Chain 7:                0.019 seconds (Total)
Chain 7: 
Chain 8: Iteration: 1800 / 2000 [ 90%]  (Sampling)
Chain 6: Iteration: 2000 / 2000 [100%]  (Sampling)
Chain 6: 
Chain 6:  Elapsed Time: 0.01 seconds (Warm-up)
Chain 6:                0.011 seconds (Sampling)
Chain 6:                0.021 seconds (Total)
Chain 6: 
Chain 8: Iteration: 2000 / 2000 [100%]  (Sampling)
Chain 8: 
Chain 8:  Elapsed Time: 0.011 seconds (Warm-up)
Chain 8:                0.009 seconds (Sampling)
Chain 8:                0.02 seconds (Total)
Chain 8: 
         mean se_mean     sd   2.5%     25%     50%     75%   97.5%    n_eff
a      1.5021  0.0006 0.0543 1.3952  1.4662  1.5023  1.5380  1.6086 6991.567
b      0.4717  0.0008 0.0648 0.3426  0.4290  0.4726  0.5139  0.5996 7066.005
sigma  0.4852  0.0006 0.0459 0.4046  0.4532  0.4823  0.5134  0.5830 6079.877
lp__  13.3695  0.0209 1.2816 9.9187 12.8311 13.7166 14.2890 14.7935 3754.432
        Rhat
a     1.0003
b     0.9999
sigma 0.9995
lp__  1.0001
Finished in 0.39 minutes

########################################
Running: /Users/chegu121/Documents/Phd-cici/r_package/pairwiserhat/experiments/baseline_rhat/same_slope_diff_intercept.R 
########################################
Loading required package: StanHeaders

rstan version 2.32.7 (Stan version 2.32.2)

For execution on a local, multicore CPU with excess RAM we recommend calling
options(mc.cores = parallel::detectCores()).
To avoid recompilation of unchanged Stan programs, we recommend calling
rstan_options(auto_write = TRUE)
For within-chain threading using `reduce_sum()` or `map_rect()` Stan functions,
change `threads_per_chain` option:
rstan_options(threads_per_chain = 1)


SAMPLING FOR MODEL 'anon_model' NOW (CHAIN 1).

SAMPLING FOR MODEL 'anon_model' NOW (CHAIN 2).
Chain Chain 12: : 
Chain 1: 
Gradient evaluation took 4.6e-05 seconds
Chain 2: Gradient evaluation took 3.7e-05 seconds
Chain 1: 1000 transitions using 10 leapfrog steps per transition would take 0.46 seconds.
Chain 1Chain : 2Adjust your expectations accordingly!: 
1000 transitions using 10 leapfrog steps per transition would take 0.37 seconds.Chain 
1Chain 2: Adjust your expectations accordingly!
Chain 2: 
: 
Chain 1: 
Chain 2: 
Chain 2: Chain 1: Iteration:    1 / 2000 [  0%]  (Warmup)
Iteration:    1 / 2000 [  0%]  (Warmup)

SAMPLING FOR MODEL 'anon_model' NOW (CHAIN 3).
Chain 3: 
Chain 3: Gradient evaluation took 2.7e-05 seconds
Chain 3: 1000 transitions using 10 leapfrog steps per transition would take 0.27 seconds.
Chain 3: Adjust your expectations accordingly!
Chain 3: 
Chain 3: 
Chain 3: Iteration:    1 / 2000 [  0%]  (Warmup)

SAMPLING FOR MODEL 'anon_model' NOW (CHAIN 4).
Chain 4: 
Chain 4: Gradient evaluation took 4e-05 seconds
Chain 4: 1000 transitions using 10 leapfrog steps per transition would take 0.4 seconds.
Chain 4: Adjust your expectations accordingly!
Chain 4: 
Chain 4: 
Chain 4: Iteration:    1 / 2000 [  0%]  (Warmup)

SAMPLING FOR MODEL 'anon_model' NOW (CHAIN 5).
Chain 5: 
Chain 5: Gradient evaluation took 3.9e-05 seconds
Chain 5: 1000 transitions using 10 leapfrog steps per transition would take 0.39 seconds.
Chain 5: Adjust your expectations accordingly!
Chain 5: 
Chain 5: 
Chain 5: Iteration:    1 / 2000 [  0%]  (Warmup)

SAMPLING FOR MODEL 'anon_model' NOW (CHAIN 6).
Chain 6: 
Chain 6: Gradient evaluation took 0.003614 seconds
Chain 6: 1000 transitions using 10 leapfrog steps per transition would take 36.14 seconds.
Chain 6: Adjust your expectations accordingly!
Chain 6: 
Chain 6: 

SAMPLING FOR MODEL 'anon_model' NOW (CHAIN 8).

SAMPLING FOR MODEL 'anon_model' NOW (CHAIN 7).
Chain 8: 
Chain 8: Gradient evaluation took 0.000286 seconds
Chain 8: 1000 transitions using 10 leapfrog steps per transition would take 2.86 seconds.
Chain 8: Adjust your expectations accordingly!
Chain 8: 
Chain 8: 
Chain 8: Iteration:    1 / 2000 [  0%]  (Warmup)
Chain 7: 
Chain 7: Gradient evaluation took 5.3e-05 seconds
Chain 7: 1000 transitions using 10 leapfrog steps per transition would take 0.53 seconds.
Chain 7: Adjust your expectations accordingly!
Chain 7: 
Chain 7: 
Chain 6: Iteration:    1 / 2000 [  0%]  (Warmup)
Chain 7: Iteration:    1 / 2000 [  0%]  (Warmup)
Chain 2: Iteration:  200 / 2000 [ 10%]  (Warmup)
Chain 3: Iteration:  200 / 2000 [ 10%]  (Warmup)
Chain 4: Iteration:  200 / 2000 [ 10%]  (Warmup)
Chain 2: Iteration:  400 / 2000 [ 20%]  (Warmup)
Chain 1: Iteration:  200 / 2000 [ 10%]  (Warmup)
Chain 8: Iteration:  200 / 2000 [ 10%]  (Warmup)
Chain 4: Iteration:  400 / 2000 [ 20%]  (Warmup)
Chain 7: Iteration:  200 / 2000 [ 10%]  (Warmup)
Chain 2: Iteration:  600 / 2000 [ 30%]  (Warmup)
Chain 3: Iteration:  400 / 2000 [ 20%]  (Warmup)
Chain 1: Iteration:  400 / 2000 [ 20%]  (Warmup)
Chain 6: Iteration:  200 / 2000 [ 10%]  (Warmup)
Chain 5: Iteration:  200 / 2000 [ 10%]  (Warmup)
Chain 8: Iteration:  400 / 2000 [ 20%]  (Warmup)
Chain 4: Iteration:  600 / 2000 [ 30%]  (Warmup)
Chain 7: Iteration:  400 / 2000 [ 20%]  (Warmup)
Chain 2: Iteration:  800 / 2000 [ 40%]  (Warmup)
Chain 1: Iteration:  600 / 2000 [ 30%]  (Warmup)
Chain 3: Iteration:  600 / 2000 [ 30%]  (Warmup)
Chain 6: Iteration:  400 / 2000 [ 20%]  (Warmup)
Chain 8: Iteration:  600 / 2000 [ 30%]  (Warmup)
Chain 5: Iteration:  400 / 2000 [ 20%]  (Warmup)
Chain 4: Iteration:  800 / 2000 [ 40%]  (Warmup)
Chain 2: Iteration: 1000 / 2000 [ 50%]  (Warmup)
Chain 2: Iteration: 1001 / 2000 [ 50%]  (Sampling)
Chain 1: Iteration:  800 / 2000 [ 40%]  (Warmup)
Chain 7: Iteration:  600 / 2000 [ 30%]  (Warmup)
Chain 3: Iteration:  800 / 2000 [ 40%]  (Warmup)
Chain 8: Iteration:  800 / 2000 [ 40%]  (Warmup)
Chain 6: Iteration:  600 / 2000 [ 30%]  (Warmup)
Chain 4: Iteration: 1000 / 2000 [ 50%]  (Warmup)
Chain 4: Iteration: 1001 / 2000 [ 50%]  (Sampling)
Chain 2: Iteration: 1200 / 2000 [ 60%]  (Sampling)
Chain 5: Iteration:  600 / 2000 [ 30%]  (Warmup)
Chain 1: Iteration: 1000 / 2000 [ 50%]  (Warmup)
Chain 1: Iteration: 1001 / 2000 [ 50%]  (Sampling)
Chain 7: Iteration:  800 / 2000 [ 40%]  (Warmup)
Chain 3: Iteration: 1000 / 2000 [ 50%]  (Warmup)
Chain 3: Iteration: 1001 / 2000 [ 50%]  (Sampling)
Chain 8: Iteration: 1000 / 2000 [ 50%]  (Warmup)
Chain 8: Iteration: 1001 / 2000 [ 50%]  (Sampling)
Chain 4: Iteration: 1200 / 2000 [ 60%]  (Sampling)
Chain 6: Iteration:  800 / 2000 [ 40%]  (Warmup)
Chain 2: Iteration: 1400 / 2000 [ 70%]  (Sampling)
Chain 5: Iteration:  800 / 2000 [ 40%]  (Warmup)
Chain 1: Iteration: 1200 / 2000 [ 60%]  (Sampling)
Chain 7: Iteration: 1000 / 2000 [ 50%]  (Warmup)
Chain 7: Iteration: 1001 / 2000 [ 50%]  (Sampling)
Chain 3: Iteration: 1200 / 2000 [ 60%]  (Sampling)
Chain 8: Iteration: 1200 / 2000 [ 60%]  (Sampling)
Chain 4: Iteration: 1400 / 2000 [ 70%]  (Sampling)
Chain 6: Iteration: 1000 / 2000 [ 50%]  (Warmup)
Chain 6: Iteration: 1001 / 2000 [ 50%]  (Sampling)
Chain 2: Iteration: 1600 / 2000 [ 80%]  (Sampling)
Chain 1: Iteration: 1400 / 2000 [ 70%]  (Sampling)
Chain 5: Iteration: 1000 / 2000 [ 50%]  (Warmup)
Chain 5: Iteration: 1001 / 2000 [ 50%]  (Sampling)
Chain 7: Iteration: 1200 / 2000 [ 60%]  (Sampling)
Chain 3: Iteration: 1400 / 2000 [ 70%]  (Sampling)
Chain 8: Iteration: 1400 / 2000 [ 70%]  (Sampling)
Chain 4: Iteration: 1600 / 2000 [ 80%]  (Sampling)
Chain 2: Iteration: 1800 / 2000 [ 90%]  (Sampling)
Chain 6: Iteration: 1200 / 2000 [ 60%]  (Sampling)
Chain 1: Iteration: 1600 / 2000 [ 80%]  (Sampling)
Chain 5: Iteration: 1200 / 2000 [ 60%]  (Sampling)
Chain 3: Iteration: 1600 / 2000 [ 80%]  (Sampling)
Chain 7: Iteration: 1400 / 2000 [ 70%]  (Sampling)
Chain 8: Iteration: 1600 / 2000 [ 80%]  (Sampling)
Chain 4: Iteration: 1800 / 2000 [ 90%]  (Sampling)
Chain 2: Iteration: 2000 / 2000 [100%]  (Sampling)
Chain 2: 
Chain 2:  Elapsed Time: 0.11 seconds (Warm-up)
Chain 2:                0.045 seconds (Sampling)
Chain 2:                0.155 seconds (Total)
Chain 2: 
Chain 6: Iteration: 1400 / 2000 [ 70%]  (Sampling)
Chain 1: Iteration: 1800 / 2000 [ 90%]  (Sampling)
Chain 5: Iteration: 1400 / 2000 [ 70%]  (Sampling)
Chain 3: Iteration: 1800 / 2000 [ 90%]  (Sampling)
Chain 4: Iteration: 2000 / 2000 [100%]  (Sampling)
Chain 4: 
Chain 4:  Elapsed Time: 0.113 seconds (Warm-up)
Chain 4:                0.043 seconds (Sampling)
Chain 4:                0.156 seconds (Total)
Chain 4: 
Chain 7: Iteration: 1600 / 2000 [ 80%]  (Sampling)
Chain 8: Iteration: 1800 / 2000 [ 90%]  (Sampling)
Chain 6: Iteration: 1600 / 2000 [ 80%]  (Sampling)
Chain 1: Iteration: 2000 / 2000 [100%]  (Sampling)
Chain 1: 
Chain 1:  Elapsed Time: 0.121 seconds (Warm-up)
Chain 1:                0.045 seconds (Sampling)
Chain 1:                0.166 seconds (Total)
Chain 1: 
Chain 5: Iteration: 1600 / 2000 [ 80%]  (Sampling)
Chain 3: Iteration: 2000 / 2000 [100%]  (Sampling)
Chain 3: 
Chain 3:  Elapsed Time: 0.121 seconds (Warm-up)
Chain 3:                0.047 seconds (Sampling)
Chain 3:                0.168 seconds (Total)
Chain 3: 
Chain 8: Iteration: 2000 / 2000 [100%]  (Sampling)
Chain 8: 
Chain 8:  Elapsed Time: 0.083 seconds (Warm-up)
Chain 8:                0.046 seconds (Sampling)
Chain 8:                0.129 seconds (Total)
Chain 8: 
Chain 7: Iteration: 1800 / 2000 [ 90%]  (Sampling)
Chain 6: Iteration: 1800 / 2000 [ 90%]  (Sampling)
Chain 5: Iteration: 1800 / 2000 [ 90%]  (Sampling)
Chain 6: Iteration: 2000 / 2000 [100%]  (Sampling)
Chain 6: 
Chain 6:  Elapsed Time: 0.093 seconds (Warm-up)
Chain 6:                0.046 seconds (Sampling)
Chain 6:                0.139 seconds (Total)
Chain 6: 
Chain 7: Iteration: 2000 / 2000 [100%]  (Sampling)
Chain 7: 
Chain 7:  Elapsed Time: 0.087 seconds (Warm-up)
Chain 7:                0.053 seconds (Sampling)
Chain 7:                0.14 seconds (Total)
Chain 7: 
Chain 5: Iteration: 2000 / 2000 [100%]  (Sampling)
Chain 5: 
Chain 5:  Elapsed Time: 0.132 seconds (Warm-up)
Chain 5:                0.049 seconds (Sampling)
Chain 5:                0.181 seconds (Total)
Chain 5: 
Warning messages:
1: The largest R-hat is 1.64, indicating chains have not mixed.
Running the chains for more iterations may help. See
https://mc-stan.org/misc/warnings.html#r-hat 
2: Bulk Effective Samples Size (ESS) is too low, indicating posterior means and medians may be unreliable.
Running the chains for more iterations may help. See
https://mc-stan.org/misc/warnings.html#bulk-ess 
3: Tail Effective Samples Size (ESS) is too low, indicating posterior variances and tail quantiles may be unreliable.
Running the chains for more iterations may help. See
https://mc-stan.org/misc/warnings.html#tail-ess 
          mean se_mean     sd     2.5%      25%      50%      75%    97.5%
a       0.9762  0.0002 0.0219   0.9331   0.9615   0.9762   0.9909   1.0188
b1      3.3727  1.0994 2.1999   0.4573   0.5570   5.0341   5.0879   5.1662
b2      2.2369  1.0995 2.2000   0.4447   0.5204   0.5764   5.0553   5.1544
sigma   0.2773  0.0003 0.0269   0.2307   0.2583   0.2752   0.2939   0.3364
lp__  -43.5872  0.0249 1.4893 -47.3761 -44.2953 -43.2536 -42.4952 -41.7433
         n_eff    Rhat
a     9986.825  1.0000
b1       4.004 44.1153
b2       4.004 44.3943
sigma 6160.658  1.0006
lp__  3583.369  1.0010
Finished in 0.37 minutes

########################################
Running: /Users/chegu121/Documents/Phd-cici/r_package/pairwiserhat/experiments/baseline_rhat/diff_slope_same_intercept.R 
########################################
Loading required package: StanHeaders

rstan version 2.32.7 (Stan version 2.32.2)

For execution on a local, multicore CPU with excess RAM we recommend calling
options(mc.cores = parallel::detectCores()).
To avoid recompilation of unchanged Stan programs, we recommend calling
rstan_options(auto_write = TRUE)
For within-chain threading using `reduce_sum()` or `map_rect()` Stan functions,
change `threads_per_chain` option:
rstan_options(threads_per_chain = 1)


SAMPLING FOR MODEL 'anon_model' NOW (CHAIN 1).
Chain 1: 
Chain 1: Gradient evaluation took 4.3e-05 seconds
Chain 1: 1000 transitions using 10 leapfrog steps per transition would take 0.43 seconds.
Chain 1: Adjust your expectations accordingly!
Chain 1: 
Chain 1: 
Chain 1: Iteration:    1 / 2000 [  0%]  (Warmup)

SAMPLING FOR MODEL 'anon_model' NOW (CHAIN 2).
Chain 2: 
Chain 2: Gradient evaluation took 3.6e-05 seconds
Chain 2: 1000 transitions using 10 leapfrog steps per transition would take 0.36 seconds.
Chain 2: Adjust your expectations accordingly!
Chain 2: 
Chain 2: 
Chain 2: Iteration:    1 / 2000 [  0%]  (Warmup)

SAMPLING FOR MODEL 'anon_model' NOW (CHAIN 3).
Chain 3: 
Chain 3: Gradient evaluation took 6.1e-05 seconds
Chain 3: 1000 transitions using 10 leapfrog steps per transition would take 0.61 seconds.
Chain 3: Adjust your expectations accordingly!
Chain 3: 
Chain 3: 
Chain 3: Iteration:    1 / 2000 [  0%]  (Warmup)

SAMPLING FOR MODEL 'anon_model' NOW (CHAIN 4).

SAMPLING FOR MODEL 'anon_model' NOW (CHAIN 5).
Chain 4: 
Chain 4: Gradient evaluation took 2.6e-05 seconds
Chain 4: 1000 transitions using 10 leapfrog steps per transition would take 0.26 seconds.
Chain 4: Adjust your expectations accordingly!
Chain 4: 
Chain 4: 
Chain 4: Iteration:    1 / 2000 [  0%]  (Warmup)
Chain 5: 
Chain 5: Gradient evaluation took 6.7e-05 seconds
Chain 5: 1000 transitions using 10 leapfrog steps per transition would take 0.67 seconds.
Chain 5: Adjust your expectations accordingly!
Chain 5: 
Chain 5: 
Chain 5: Iteration:    1 / 2000 [  0%]  (Warmup)

SAMPLING FOR MODEL 'anon_model' NOW (CHAIN 6).
Chain 6: 
Chain 6: Gradient evaluation took 8.5e-05 seconds
Chain 6: 1000 transitions using 10 leapfrog steps per transition would take 0.85 seconds.
Chain 6: Adjust your expectations accordingly!
Chain 6: 
Chain 6: 
Chain 6: Iteration:    1 / 2000 [  0%]  (Warmup)

SAMPLING FOR MODEL 'anon_model' NOW (CHAIN 7).

SAMPLING FOR MODEL 'anon_model' NOW (CHAIN 8).
Chain 7: 
Chain 7: Gradient evaluation took 3.1e-05 seconds
Chain 7: 1000 transitions using 10 leapfrog steps per transition would take 0.31 seconds.
Chain 7: Adjust your expectations accordingly!
Chain 7: 
Chain 7: 
Chain 7: Iteration:    1 / 2000 [  0%]  (Warmup)
Chain 8: 
Chain 8: Gradient evaluation took 3.5e-05 seconds
Chain 8: 1000 transitions using 10 leapfrog steps per transition would take 0.35 seconds.
Chain 8: Adjust your expectations accordingly!
Chain 8: 
Chain 8: 
Chain 8: Iteration:    1 / 2000 [  0%]  (Warmup)
Chain 2: Iteration:  200 / 2000 [ 10%]  (Warmup)
Chain 1: Iteration:  200 / 2000 [ 10%]  (Warmup)
Chain 3: Iteration:  200 / 2000 [ 10%]  (Warmup)
Chain 4: Iteration:  200 / 2000 [ 10%]  (Warmup)
Chain 2: Iteration:  400 / 2000 [ 20%]  (Warmup)
Chain 7: Iteration:  200 / 2000 [ 10%]  (Warmup)
Chain 5: Iteration:  200 / 2000 [ 10%]  (Warmup)
Chain 6: Iteration:  200 / 2000 [ 10%]  (Warmup)
Chain 1: Iteration:  400 / 2000 [ 20%]  (Warmup)
Chain 8: Iteration:  200 / 2000 [ 10%]  (Warmup)
Chain 4: Iteration:  400 / 2000 [ 20%]  (Warmup)
Chain 3: Iteration:  400 / 2000 [ 20%]  (Warmup)
Chain 2: Iteration:  600 / 2000 [ 30%]  (Warmup)
Chain 7: Iteration:  400 / 2000 [ 20%]  (Warmup)
Chain 1: Iteration:  600 / 2000 [ 30%]  (Warmup)
Chain 5: Iteration:  400 / 2000 [ 20%]  (Warmup)
Chain 6: Iteration:  400 / 2000 [ 20%]  (Warmup)
Chain 4: Iteration:  600 / 2000 [ 30%]  (Warmup)
Chain 3: Iteration:  600 / 2000 [ 30%]  (Warmup)
Chain 8: Iteration:  400 / 2000 [ 20%]  (Warmup)
Chain 2: Iteration:  800 / 2000 [ 40%]  (Warmup)
Chain 7: Iteration:  600 / 2000 [ 30%]  (Warmup)
Chain 1: Iteration:  800 / 2000 [ 40%]  (Warmup)
Chain 5: Iteration:  600 / 2000 [ 30%]  (Warmup)
Chain 3: Iteration:  800 / 2000 [ 40%]  (Warmup)
Chain 6: Iteration:  600 / 2000 [ 30%]  (Warmup)
Chain 4: Iteration:  800 / 2000 [ 40%]  (Warmup)
Chain 2: Iteration: 1000 / 2000 [ 50%]  (Warmup)
Chain 2: Iteration: 1001 / 2000 [ 50%]  (Sampling)
Chain 8: Iteration:  600 / 2000 [ 30%]  (Warmup)
Chain 7: Iteration:  800 / 2000 [ 40%]  (Warmup)
Chain 1: Iteration: 1000 / 2000 [ 50%]  (Warmup)
Chain 1: Iteration: 1001 / 2000 [ 50%]  (Sampling)
Chain 5: Iteration:  800 / 2000 [ 40%]  (Warmup)
Chain 3: Iteration: 1000 / 2000 [ 50%]  (Warmup)
Chain 3: Iteration: 1001 / 2000 [ 50%]  (Sampling)
Chain 6: Iteration:  800 / 2000 [ 40%]  (Warmup)
Chain 4: Iteration: 1000 / 2000 [ 50%]  (Warmup)
Chain 4: Iteration: 1001 / 2000 [ 50%]  (Sampling)
Chain 8: Iteration:  800 / 2000 [ 40%]  (Warmup)
Chain 2: Iteration: 1200 / 2000 [ 60%]  (Sampling)
Chain 7: Iteration: 1000 / 2000 [ 50%]  (Warmup)
Chain 7: Iteration: 1001 / 2000 [ 50%]  (Sampling)
Chain 5: Iteration: 1000 / 2000 [ 50%]  (Warmup)
Chain 5: Iteration: 1001 / 2000 [ 50%]  (Sampling)
Chain 1: Iteration: 1200 / 2000 [ 60%]  (Sampling)
Chain 6: Iteration: 1000 / 2000 [ 50%]  (Warmup)
Chain 6: Iteration: 1001 / 2000 [ 50%]  (Sampling)
Chain 3: Iteration: 1200 / 2000 [ 60%]  (Sampling)
Chain 8: Iteration: 1000 / 2000 [ 50%]  (Warmup)
Chain 8: Iteration: 1001 / 2000 [ 50%]  (Sampling)
Chain 4: Iteration: 1200 / 2000 [ 60%]  (Sampling)
Chain 7: Iteration: 1200 / 2000 [ 60%]  (Sampling)
Chain 2: Iteration: 1400 / 2000 [ 70%]  (Sampling)
Chain 6: Iteration: 1200 / 2000 [ 60%]  (Sampling)
Chain 1: Iteration: 1400 / 2000 [ 70%]  (Sampling)
Chain 5: Iteration: 1200 / 2000 [ 60%]  (Sampling)
Chain 3: Iteration: 1400 / 2000 [ 70%]  (Sampling)
Chain 8: Iteration: 1200 / 2000 [ 60%]  (Sampling)
Chain 4: Iteration: 1400 / 2000 [ 70%]  (Sampling)
Chain 7: Iteration: 1400 / 2000 [ 70%]  (Sampling)
Chain 2: Iteration: 1600 / 2000 [ 80%]  (Sampling)
Chain 6: Iteration: 1400 / 2000 [ 70%]  (Sampling)
Chain 1: Iteration: 1600 / 2000 [ 80%]  (Sampling)
Chain 5: Iteration: 1400 / 2000 [ 70%]  (Sampling)
Chain 3: Iteration: 1600 / 2000 [ 80%]  (Sampling)
Chain 8: Iteration: 1400 / 2000 [ 70%]  (Sampling)
Chain 4: Iteration: 1600 / 2000 [ 80%]  (Sampling)
Chain 7: Iteration: 1600 / 2000 [ 80%]  (Sampling)
Chain 2: Iteration: 1800 / 2000 [ 90%]  (Sampling)
Chain 6: Iteration: 1600 / 2000 [ 80%]  (Sampling)
Chain 1: Iteration: 1800 / 2000 [ 90%]  (Sampling)
Chain 3: Iteration: 1800 / 2000 [ 90%]  (Sampling)
Chain 8: Iteration: 1600 / 2000 [ 80%]  (Sampling)
Chain 5: Iteration: 1600 / 2000 [ 80%]  (Sampling)
Chain 7: Iteration: 1800 / 2000 [ 90%]  (Sampling)
Chain 4: Iteration: 1800 / 2000 [ 90%]  (Sampling)
Chain 6: Iteration: 1800 / 2000 [ 90%]  (Sampling)
Chain 2: Iteration: 2000 / 2000 [100%]  (Sampling)
Chain 2: 
Chain 2:  Elapsed Time: 0.057 seconds (Warm-up)
Chain 2:                0.052 seconds (Sampling)
Chain 2:                0.109 seconds (Total)
Chain 2: 
Chain 1: Iteration: 2000 / 2000 [100%]  (Sampling)
Chain 1: 
Chain 1:  Elapsed Time: 0.063 seconds (Warm-up)
Chain 1:                0.05 seconds (Sampling)
Chain 1:                0.113 seconds (Total)
Chain 1: 
Chain 3: Iteration: 2000 / 2000 [100%]  (Sampling)
Chain 3: 
Chain 3:  Elapsed Time: 0.06 seconds (Warm-up)
Chain 3:                0.051 seconds (Sampling)
Chain 3:                0.111 seconds (Total)
Chain 3: 
Chain 8: Iteration: 1800 / 2000 [ 90%]  (Sampling)
Chain 5: Iteration: 1800 / 2000 [ 90%]  (Sampling)
Chain 7: Iteration: 2000 / 2000 [100%]  (Sampling)
Chain 7: 
Chain 7:  Elapsed Time: 0.059 seconds (Warm-up)
Chain 7:                0.048 seconds (Sampling)
Chain 7:                0.107 seconds (Total)
Chain 7: 
Chain 6: Iteration: 2000 / 2000 [100%]  (Sampling)
Chain 6: 
Chain 6:  Elapsed Time: 0.064 seconds (Warm-up)
Chain 6:                0.045 seconds (Sampling)
Chain 6:                0.109 seconds (Total)
Chain 6: 
Chain 4: Iteration: 2000 / 2000 [100%]  (Sampling)
Chain 4: 
Chain 4:  Elapsed Time: 0.06 seconds (Warm-up)
Chain 4:                0.052 seconds (Sampling)
Chain 4:                0.112 seconds (Total)
Chain 4: 
Chain 8: Iteration: 2000 / 2000 [100%]  (Sampling)
Chain 8: 
Chain 8:  Elapsed Time: 0.064 seconds (Warm-up)
Chain 8:                0.05 seconds (Sampling)
Chain 8:                0.114 seconds (Total)
Chain 8: 
Chain 5: Iteration: 2000 / 2000 [100%]  (Sampling)
Chain 5: 
Chain 5:  Elapsed Time: 0.065 seconds (Warm-up)
Chain 5:                0.056 seconds (Sampling)
Chain 5:                0.121 seconds (Total)
Chain 5: 
Warning messages:
1: The largest R-hat is 1.64, indicating chains have not mixed.
Running the chains for more iterations may help. See
https://mc-stan.org/misc/warnings.html#r-hat 
2: Bulk Effective Samples Size (ESS) is too low, indicating posterior means and medians may be unreliable.
Running the chains for more iterations may help. See
https://mc-stan.org/misc/warnings.html#bulk-ess 
3: Tail Effective Samples Size (ESS) is too low, indicating posterior variances and tail quantiles may be unreliable.
Running the chains for more iterations may help. See
https://mc-stan.org/misc/warnings.html#tail-ess 
          mean se_mean     sd     2.5%      25%      50%      75%    97.5%
a1      0.8625  0.4264 0.8536   0.1426   0.1943   0.2291   1.9507   2.0082
a2      1.3042  0.4261 0.8529   0.1576   0.2165   1.9386   1.9721   2.0190
b       1.0440  0.0004 0.0399   0.9629   1.0175   1.0439   1.0706   1.1229
sigma   0.2859  0.0004 0.0297   0.2342   0.2657   0.2833   0.3035   0.3532
lp__  -39.3696  0.0271 1.5161 -43.2081 -40.0927 -39.0124 -38.2655 -37.5207
          n_eff    Rhat
a1       4.0072 27.2018
a2       4.0069 28.0316
b     8040.5632  0.9999
sigma 5091.3158  1.0004
lp__  3128.8208  1.0022
Finished in 0.37 minutes

########################################
Running: /Users/chegu121/Documents/Phd-cici/r_package/pairwiserhat/experiments/baseline_rhat/diff_slope_diff_intercept.R 
########################################
Loading required package: StanHeaders

rstan version 2.32.7 (Stan version 2.32.2)

For execution on a local, multicore CPU with excess RAM we recommend calling
options(mc.cores = parallel::detectCores()).
To avoid recompilation of unchanged Stan programs, we recommend calling
rstan_options(auto_write = TRUE)
For within-chain threading using `reduce_sum()` or `map_rect()` Stan functions,
change `threads_per_chain` option:
rstan_options(threads_per_chain = 1)


SAMPLING FOR MODEL 'anon_model' NOW (CHAIN 1).

SAMPLING FOR MODEL 'anon_model' NOW (CHAIN 2).
Chain 1: 
Chain 1: Gradient evaluation took 5.2e-05 seconds
Chain 1: 1000 transitions using 10 leapfrog steps per transition would take 0.52 seconds.
Chain 1: Adjust your expectations accordingly!
Chain 1: 
Chain 1: 
Chain 1: Iteration:    1 / 2000 [  0%]  (Warmup)
Chain 2: 
Chain 2: Gradient evaluation took 4.1e-05 seconds
Chain 2
SAMPLING FOR MODEL ': 1000 transitions using 10 leapfrog steps per transition would take 0.41 seconds.anon_model
' NOW (CHAIN Chain 2: 3Adjust your expectations accordingly!
Chain 2: ).

Chain 2: 
Chain 2: Iteration:    1 / 2000 [  0%]  (Warmup)

SAMPLING FOR MODEL 'anon_model' NOW (CHAIN 4).
Chain 3: 
Chain 3: Gradient evaluation took 3.2e-05 seconds
Chain 3: 1000 transitions using 10 leapfrog steps per transition would take 0.32 seconds.
Chain 3: Adjust your expectations accordingly!
Chain 3: 
Chain 3: 
Chain 3: Iteration:    1 / 2000 [  0%]  (Warmup)
Chain 4: 
Chain 4: Gradient evaluation took 2.3e-05 seconds
Chain 4: 1000 transitions using 10 leapfrog steps per transition would take 0.23 seconds.
Chain 4: Adjust your expectations accordingly!
Chain 4: 
Chain 4: 
Chain 4: Iteration:    1 / 2000 [  0%]  (Warmup)

SAMPLING FOR MODEL 'anon_model' NOW (CHAIN 5).
Chain 5: 
Chain 5: Gradient evaluation took 3.8e-05 seconds

SAMPLING FOR MODEL 'anon_model' NOW (CHAIN 6Chain 5: ).
1000 transitions using 10 leapfrog steps per transition would take 0.38 seconds.
Chain 5: Adjust your expectations accordingly!
Chain 5: 
Chain 5: 
Chain 5: Iteration:    1 / 2000 [  0%]  (Warmup)
Chain 6: 
Chain 6: Gradient evaluation took 2.8e-05 seconds
Chain 6: 1000 transitions using 10 leapfrog steps per transition would take 0.28 seconds.
Chain 6: Adjust your expectations accordingly!
Chain 6: 
Chain 6: 
Chain 6: Iteration:    1 / 2000 [  0%]  (Warmup)

SAMPLING FOR MODEL 'anon_model' NOW (CHAIN 7).
Chain 7: 
Chain 7: Gradient evaluation took 3.2e-05 seconds
Chain 7: 1000 transitions using 10 leapfrog steps per transition would take 0.32 seconds.
Chain 7: Adjust your expectations accordingly!
Chain 7: 
Chain 7: 
Chain 7: Iteration:    1 / 2000 [  0%]  (Warmup)

SAMPLING FOR MODEL 'anon_model' NOW (CHAIN 8).
Chain 8: 
Chain 8: Gradient evaluation took 3.4e-05 seconds
Chain 8: 1000 transitions using 10 leapfrog steps per transition would take 0.34 seconds.
Chain 8: Adjust your expectations accordingly!
Chain 8: 
Chain 8: 
Chain 8: Iteration:    1 / 2000 [  0%]  (Warmup)
Chain 1: Iteration:  200 / 2000 [ 10%]  (Warmup)
Chain 2: Iteration:  200 / 2000 [ 10%]  (Warmup)
Chain 4: Iteration:  200 / 2000 [ 10%]  (Warmup)
Chain 6: Iteration:  200 / 2000 [ 10%]  (Warmup)
Chain 5: Iteration:  200 / 2000 [ 10%]  (Warmup)
Chain 3: Iteration:  200 / 2000 [ 10%]  (Warmup)
Chain 7: Iteration:  200 / 2000 [ 10%]  (Warmup)
Chain 2: Iteration:  400 / 2000 [ 20%]  (Warmup)
Chain 8: Iteration:  200 / 2000 [ 10%]  (Warmup)
Chain 4: Iteration:  400 / 2000 [ 20%]  (Warmup)
Chain 6: Iteration:  400 / 2000 [ 20%]  (Warmup)
Chain 1: Iteration:  400 / 2000 [ 20%]  (Warmup)
Chain 5: Iteration:  400 / 2000 [ 20%]  (Warmup)
Chain 3: Iteration:  400 / 2000 [ 20%]  (Warmup)
Chain 7: Iteration:  400 / 2000 [ 20%]  (Warmup)
Chain 2: Iteration:  600 / 2000 [ 30%]  (Warmup)
Chain 8: Iteration:  400 / 2000 [ 20%]  (Warmup)
Chain 1: Iteration:  600 / 2000 [ 30%]  (Warmup)
Chain 4: Iteration:  600 / 2000 [ 30%]  (Warmup)
Chain 5: Iteration:  600 / 2000 [ 30%]  (Warmup)
Chain 6: Iteration:  600 / 2000 [ 30%]  (Warmup)
Chain 7: Iteration:  600 / 2000 [ 30%]  (Warmup)
Chain 3: Iteration:  600 / 2000 [ 30%]  (Warmup)
Chain 1: Iteration:  800 / 2000 [ 40%]  (Warmup)
Chain 4: Iteration:  800 / 2000 [ 40%]  (Warmup)
Chain 5: Iteration:  800 / 2000 [ 40%]  (Warmup)
Chain 8: Iteration:  600 / 2000 [ 30%]  (Warmup)
Chain 2: Iteration:  800 / 2000 [ 40%]  (Warmup)
Chain 7: Iteration:  800 / 2000 [ 40%]  (Warmup)
Chain 6: Iteration:  800 / 2000 [ 40%]  (Warmup)
Chain 3: Iteration:  800 / 2000 [ 40%]  (Warmup)
Chain 1: Iteration: 1000 / 2000 [ 50%]  (Warmup)
Chain 1: Iteration: 1001 / 2000 [ 50%]  (Sampling)
Chain 4: Iteration: 1000 / 2000 [ 50%]  (Warmup)
Chain 4: Iteration: 1001 / 2000 [ 50%]  (Sampling)
Chain 8: Iteration:  800 / 2000 [ 40%]  (Warmup)
Chain 5: Iteration: 1000 / 2000 [ 50%]  (Warmup)
Chain 5: Iteration: 1001 / 2000 [ 50%]  (Sampling)
Chain 2: Iteration: 1000 / 2000 [ 50%]  (Warmup)
Chain 2: Iteration: 1001 / 2000 [ 50%]  (Sampling)
Chain 7: Iteration: 1000 / 2000 [ 50%]  (Warmup)
Chain 7: Iteration: 1001 / 2000 [ 50%]  (Sampling)
Chain 6: Iteration: 1000 / 2000 [ 50%]  (Warmup)
Chain 6: Iteration: 1001 / 2000 [ 50%]  (Sampling)
Chain 4: Iteration: 1200 / 2000 [ 60%]  (Sampling)
Chain 3: Iteration: 1000 / 2000 [ 50%]  (Warmup)
Chain 3: Iteration: 1001 / 2000 [ 50%]  (Sampling)
Chain 1: Iteration: 1200 / 2000 [ 60%]  (Sampling)
Chain 8: Iteration: 1000 / 2000 [ 50%]  (Warmup)
Chain 8: Iteration: 1001 / 2000 [ 50%]  (Sampling)
Chain 2: Iteration: 1200 / 2000 [ 60%]  (Sampling)
Chain 5: Iteration: 1200 / 2000 [ 60%]  (Sampling)
Chain 6: Iteration: 1200 / 2000 [ 60%]  (Sampling)
Chain 7: Iteration: 1200 / 2000 [ 60%]  (Sampling)
Chain 1: Iteration: 1400 / 2000 [ 70%]  (Sampling)
Chain 2: Iteration: 1400 / 2000 [ 70%]  (Sampling)
Chain 3: Iteration: 1200 / 2000 [ 60%]  (Sampling)
Chain 4: Iteration: 1400 / 2000 [ 70%]  (Sampling)
Chain 5: Iteration: 1400 / 2000 [ 70%]  (Sampling)
Chain 8: Iteration: 1200 / 2000 [ 60%]  (Sampling)
Chain 7: Iteration: 1400 / 2000 [ 70%]  (Sampling)
Chain 1: Iteration: 1600 / 2000 [ 80%]  (Sampling)
Chain 2: Iteration: 1600 / 2000 [ 80%]  (Sampling)
Chain 6: Iteration: 1400 / 2000 [ 70%]  (Sampling)
Chain 4: Iteration: 1600 / 2000 [ 80%]  (Sampling)
Chain 3: Iteration: 1400 / 2000 [ 70%]  (Sampling)
Chain 8: Iteration: 1400 / 2000 [ 70%]  (Sampling)
Chain 5: Iteration: 1600 / 2000 [ 80%]  (Sampling)
Chain 7: Iteration: 1600 / 2000 [ 80%]  (Sampling)
Chain 1: Iteration: 1800 / 2000 [ 90%]  (Sampling)
Chain 6: Iteration: 1600 / 2000 [ 80%]  (Sampling)
Chain 2: Iteration: 1800 / 2000 [ 90%]  (Sampling)
Chain 3: Iteration: 1600 / 2000 [ 80%]  (Sampling)
Chain 4: Iteration: 1800 / 2000 [ 90%]  (Sampling)
Chain 5: Iteration: 1800 / 2000 [ 90%]  (Sampling)
Chain 7: Iteration: 1800 / 2000 [ 90%]  (Sampling)
Chain 8: Iteration: 1600 / 2000 [ 80%]  (Sampling)
Chain 1: Iteration: 2000 / 2000 [100%]  (Sampling)
Chain 1: 
Chain 1:  Elapsed Time: 0.063 seconds (Warm-up)
Chain 1:                0.048 seconds (Sampling)
Chain 1:                0.111 seconds (Total)
Chain 1: 
Chain 6: Iteration: 1800 / 2000 [ 90%]  (Sampling)
Chain 2: Iteration: 2000 / 2000 [100%]  (Sampling)
Chain 2: 
Chain 2:  Elapsed Time: 0.065 seconds (Warm-up)
Chain 2:                0.049 seconds (Sampling)
Chain 2:                0.114 seconds (Total)
Chain 2: 
Chain 3: Iteration: 1800 / 2000 [ 90%]  (Sampling)
Chain 4: Iteration: 2000 / 2000 [100%]  (Sampling)
Chain 4: 
Chain 4:  Elapsed Time: 0.061 seconds (Warm-up)
Chain 4:                0.054 seconds (Sampling)
Chain 4:                0.115 seconds (Total)
Chain 4: 
Chain 7: Iteration: 2000 / 2000 [100%]  (Sampling)
Chain 7: 
Chain 7:  Elapsed Time: 0.063 seconds (Warm-up)
Chain 7:                0.049 seconds (Sampling)
Chain 7:                0.112 seconds (Total)
Chain 7: 
Chain 5: Iteration: 2000 / 2000 [100%]  (Sampling)
Chain 5: 
Chain 5:  Elapsed Time: 0.062 seconds (Warm-up)
Chain 5:                0.054 seconds (Sampling)
Chain 5:                0.116 seconds (Total)
Chain 5: 
Chain 8: Iteration: 1800 / 2000 [ 90%]  (Sampling)
Chain 6: Iteration: 2000 / 2000 [100%]  (Sampling)
Chain 6: 
Chain 6:  Elapsed Time: 0.066 seconds (Warm-up)
Chain 6:                0.055 seconds (Sampling)
Chain 6:                0.121 seconds (Total)
Chain 6: 
Chain 3: Iteration: 2000 / 2000 [100%]  (Sampling)
Chain 3: 
Chain 3:  Elapsed Time: 0.071 seconds (Warm-up)
Chain 3:                0.056 seconds (Sampling)
Chain 3:                0.127 seconds (Total)
Chain 3: 
Chain 8: Iteration: 2000 / 2000 [100%]  (Sampling)
Chain 8: 
Chain 8:  Elapsed Time: 0.064 seconds (Warm-up)
Chain 8:                0.057 seconds (Sampling)
Chain 8:                0.121 seconds (Total)
Chain 8: 
Warning messages:
1: The largest R-hat is 1.64, indicating chains have not mixed.
Running the chains for more iterations may help. See
https://mc-stan.org/misc/warnings.html#r-hat 
2: Bulk Effective Samples Size (ESS) is too low, indicating posterior means and medians may be unreliable.
Running the chains for more iterations may help. See
https://mc-stan.org/misc/warnings.html#bulk-ess 
3: Tail Effective Samples Size (ESS) is too low, indicating posterior variances and tail quantiles may be unreliable.
Running the chains for more iterations may help. See
https://mc-stan.org/misc/warnings.html#tail-ess 
          mean se_mean     sd     2.5%      25%      50%      75%    97.5%
a1      1.2983  0.4246 0.8499   0.1489   0.2172   1.9303   1.9641   2.0108
a2      0.8602  0.4242 0.8492   0.1415   0.1942   0.2319   1.9438   1.9995
b1     -1.1427  1.3986 2.7984  -4.8336  -4.7318   0.9800   1.0372   1.1168
b2     -2.5868  1.3983 2.7978  -4.8455  -4.7667  -4.7101   1.0009   1.1071
sigma   0.2838  0.0003 0.0277   0.2353   0.2647   0.2820   0.3005   0.3447
lp__  -41.5649  0.0264 1.6350 -45.6662 -42.4179 -41.2120 -40.3742 -39.4108
          n_eff    Rhat
a1       4.0073 26.8178
a2       4.0074 26.6155
b1       4.0033 55.0535
b2       4.0033 53.7716
sigma 6883.2546  1.0001
lp__  3834.1682  1.0002
Finished in 0.36 minutes

=== Pairwise diagnostic ===

########################################
Running: /Users/chegu121/Documents/Phd-cici/r_package/pairwiserhat/experiments/pairwise_rhat/uniform.R 
########################################
Loading required package: StanHeaders

rstan version 2.32.7 (Stan version 2.32.2)

For execution on a local, multicore CPU with excess RAM we recommend calling
options(mc.cores = parallel::detectCores()).
To avoid recompilation of unchanged Stan programs, we recommend calling
rstan_options(auto_write = TRUE)
For within-chain threading using `reduce_sum()` or `map_rect()` Stan functions,
change `threads_per_chain` option:
rstan_options(threads_per_chain = 1)

Warning message:
Fewer colours (6) than chains (8); recycling the palette. 
Pairwise R-hat result (rho = 1.015)

1. Pairwise R-hat matrices
--------------------------

$`theta[1]`
        chain:1 chain:2 chain:3 chain:4 chain:5 chain:6 chain:7 chain:8
chain:1  1.0000  1.0040  1.0008  1.0012  1.0032  1.0026  1.0044  1.0066
chain:2  1.0040  1.0000  1.0015  1.0049  1.0025  1.0036  1.0020  1.0061
chain:3  1.0008  1.0015  1.0000  1.0007  1.0019  1.0008  1.0028  1.0040
chain:4  1.0012  1.0049  1.0007  1.0000  1.0038  1.0019  1.0055  1.0066
chain:5  1.0032  1.0025  1.0019  1.0038  1.0000  1.0030  1.0019  1.0057
chain:6  1.0026  1.0036  1.0008  1.0019  1.0030  1.0000  1.0037  1.0061
chain:7  1.0044  1.0020  1.0028  1.0055  1.0019  1.0037  1.0000  1.0060
chain:8  1.0066  1.0061  1.0040  1.0066  1.0057  1.0061  1.0060  1.0000

$`theta[2]`
        chain:1 chain:2 chain:3 chain:4 chain:5 chain:6 chain:7 chain:8
chain:1  1.0000  1.0023  1.0005  1.0036  1.0014  1.0030  1.0030  1.0027
chain:2  1.0023  1.0000  1.0011  1.0015  0.9999  1.0008  1.0004  1.0017
chain:3  1.0005  1.0011  1.0000  1.0017  1.0000  1.0005  1.0004  1.0008
chain:4  1.0036  1.0015  1.0017  1.0000  1.0013  1.0016  1.0015  1.0013
chain:5  1.0014  0.9999  1.0000  1.0013  1.0000  1.0000  0.9995  1.0009
chain:6  1.0030  1.0008  1.0005  1.0016  1.0000  1.0000  1.0003  1.0015
chain:7  1.0030  1.0004  1.0004  1.0015  0.9995  1.0003  1.0000  1.0010
chain:8  1.0027  1.0017  1.0008  1.0013  1.0009  1.0015  1.0010  1.0000

2. Top 10 largest pairwise R-hat values
------------------------------------
   parameter chain_i chain_j pairwise_rhat
1   theta[1]       1       8      1.006644
2   theta[1]       4       8      1.006641
3   theta[1]       2       8      1.006092
4   theta[1]       6       8      1.006065
5   theta[1]       7       8      1.005995
6   theta[1]       5       8      1.005747
7   theta[1]       4       7      1.005484
8   theta[1]       2       4      1.004917
9   theta[1]       1       7      1.004437
10  theta[1]       1       2      1.004049

3. Parameter summary
--------------------
  parameter n_clusters n_isolated isolated_chains                 clusters
1  theta[1]          1          0                 (1, 2, 3, 4, 5, 6, 7, 8)
2  theta[2]          1          0                 (1, 2, 3, 4, 5, 6, 7, 8)
  pairwise_rhat_value
1            1.006644
2            1.003646
Finished in 0.05 minutes

########################################
Running: /Users/chegu121/Documents/Phd-cici/r_package/pairwiserhat/experiments/pairwise_rhat/gaussian_ball.R 
########################################
Loading required package: StanHeaders

rstan version 2.32.7 (Stan version 2.32.2)

For execution on a local, multicore CPU with excess RAM we recommend calling
options(mc.cores = parallel::detectCores()).
To avoid recompilation of unchanged Stan programs, we recommend calling
rstan_options(auto_write = TRUE)
For within-chain threading using `reduce_sum()` or `map_rect()` Stan functions,
change `threads_per_chain` option:
rstan_options(threads_per_chain = 1)

Warning message:
Fewer colours (6) than chains (8); recycling the palette. 
Pairwise R-hat result (rho = 1.015)

1. Pairwise R-hat matrices
--------------------------

$`theta[1]`
        chain:1 chain:2 chain:3 chain:4 chain:5 chain:6 chain:7 chain:8
chain:1  1.0000  1.0024  1.0019  1.0016  1.0014  1.0015  1.0011  1.0009
chain:2  1.0024  1.0000  1.0002  1.0024  1.0009  1.0023  1.0011  1.0004
chain:3  1.0019  1.0002  1.0000  1.0019  1.0004  1.0021  1.0008  0.9995
chain:4  1.0016  1.0024  1.0019  1.0000  1.0008  1.0009  1.0013  1.0007
chain:5  1.0014  1.0009  1.0004  1.0008  1.0000  1.0001  0.9996  0.9996
chain:6  1.0015  1.0023  1.0021  1.0009  1.0001  1.0000  1.0009  1.0001
chain:7  1.0011  1.0011  1.0008  1.0013  0.9996  1.0009  1.0000  1.0004
chain:8  1.0009  1.0004  0.9995  1.0007  0.9996  1.0001  1.0004  1.0000

$`theta[2]`
        chain:1 chain:2 chain:3 chain:4 chain:5 chain:6 chain:7 chain:8
chain:1  1.0000  1.0045  0.9995  0.9998  0.9997  1.0004  1.0022  1.0057
chain:2  1.0045  1.0000  1.0026  1.0023  1.0029  1.0046  1.0020  1.0054
chain:3  0.9995  1.0026  1.0000  0.9997  1.0006  1.0002  1.0004  1.0033
chain:4  0.9998  1.0023  0.9997  1.0000  1.0010  1.0006  1.0004  1.0031
chain:5  0.9997  1.0029  1.0006  1.0010  1.0000  1.0004  1.0019  1.0040
chain:6  1.0004  1.0046  1.0002  1.0006  1.0004  1.0000  1.0024  1.0058
chain:7  1.0022  1.0020  1.0004  1.0004  1.0019  1.0024  1.0000  1.0022
chain:8  1.0057  1.0054  1.0033  1.0031  1.0040  1.0058  1.0022  1.0000

2. Top 10 largest pairwise R-hat values
------------------------------------
   parameter chain_i chain_j pairwise_rhat
1   theta[2]       6       8      1.005752
2   theta[2]       1       8      1.005670
3   theta[2]       2       8      1.005418
4   theta[2]       2       6      1.004633
5   theta[2]       1       2      1.004498
6   theta[2]       5       8      1.004024
7   theta[2]       3       8      1.003296
8   theta[2]       4       8      1.003091
9   theta[2]       2       5      1.002940
10  theta[2]       2       3      1.002608

3. Parameter summary
--------------------
  parameter n_clusters n_isolated isolated_chains                 clusters
1  theta[1]          1          0                 (1, 2, 3, 4, 5, 6, 7, 8)
2  theta[2]          1          0                 (1, 2, 3, 4, 5, 6, 7, 8)
  pairwise_rhat_value
1            1.002387
2            1.005752
Finished in 0.04 minutes

########################################
Running: /Users/chegu121/Documents/Phd-cici/r_package/pairwiserhat/experiments/pairwise_rhat/three_cluster.R 
########################################
Loading required package: StanHeaders

rstan version 2.32.7 (Stan version 2.32.2)

For execution on a local, multicore CPU with excess RAM we recommend calling
options(mc.cores = parallel::detectCores()).
To avoid recompilation of unchanged Stan programs, we recommend calling
rstan_options(auto_write = TRUE)
For within-chain threading using `reduce_sum()` or `map_rect()` Stan functions,
change `threads_per_chain` option:
rstan_options(threads_per_chain = 1)

Warning message:
Fewer colours (6) than chains (8); recycling the palette. 
Pairwise R-hat result (rho = 1.015)

1. Pairwise R-hat matrices
--------------------------

$`theta[1]`
        chain:1 chain:2 chain:3 chain:4 chain:5 chain:6 chain:7 chain:8
chain:1  1.0000  0.9999  1.8270  0.9997  0.9992  1.0014  1.8267  1.0000
chain:2  0.9999  1.0000  1.8274  1.0001  0.9998  1.0014  1.8285  1.0005
chain:3  1.8270  1.8274  1.0000  1.8275  1.8269  1.8269  1.8270  1.8281
chain:4  0.9997  1.0001  1.8275  1.0000  0.9994  1.0008  1.8272  1.0002
chain:5  0.9992  0.9998  1.8269  0.9994  1.0000  1.0014  1.8267  0.9998
chain:6  1.0014  1.0014  1.8269  1.0008  1.0014  1.0000  1.8278  1.0012
chain:7  1.8267  1.8285  1.8270  1.8272  1.8267  1.8278  1.0000  1.8278
chain:8  1.0000  1.0005  1.8281  1.0002  0.9998  1.0012  1.8278  1.0000

$`theta[2]`
        chain:1 chain:2 chain:3 chain:4 chain:5 chain:6 chain:7 chain:8
chain:1  1.0000  0.9995  1.8269  0.9995  1.0002  1.0009  1.8267  1.0004
chain:2  0.9995  1.0000  1.8269  0.9994  0.9994  1.0011  1.8268  1.0003
chain:3  1.8269  1.8269  1.0000  1.8269  1.8269  1.8281  1.8273  1.8288
chain:4  0.9995  0.9994  1.8269  1.0000  1.0000  1.0008  1.8267  1.0004
chain:5  1.0002  0.9994  1.8269  1.0000  1.0000  1.0023  1.8268  1.0006
chain:6  1.0009  1.0011  1.8281  1.0008  1.0023  1.0000  1.8280  1.0018
chain:7  1.8267  1.8268  1.8273  1.8267  1.8268  1.8280  1.0000  1.8286
chain:8  1.0004  1.0003  1.8288  1.0004  1.0006  1.0018  1.8286  1.0000

2. Top 10 largest pairwise R-hat values
------------------------------------
   parameter chain_i chain_j pairwise_rhat
1   theta[2]       3       8      1.828804
2   theta[2]       7       8      1.828644
3   theta[1]       2       7      1.828452
4   theta[2]       3       6      1.828133
5   theta[1]       3       8      1.828104
6   theta[2]       6       7      1.827974
7   theta[1]       7       8      1.827808
8   theta[1]       6       7      1.827804
9   theta[1]       3       4      1.827497
10  theta[1]       2       3      1.827373

3. Parameter summary
--------------------
  parameter n_clusters n_isolated isolated_chains           clusters
1  theta[1]          1          2            3, 7 (1, 2, 4, 5, 6, 8)
2  theta[2]          1          2            3, 7 (1, 2, 4, 5, 6, 8)
  pairwise_rhat_value
1            1.001424
2            1.002256
Finished in 0.04 minutes

########################################
Running: /Users/chegu121/Documents/Phd-cici/r_package/pairwiserhat/experiments/pairwise_rhat/funnel.R 
########################################
Loading required package: StanHeaders

rstan version 2.32.7 (Stan version 2.32.2)

For execution on a local, multicore CPU with excess RAM we recommend calling
options(mc.cores = parallel::detectCores()).
To avoid recompilation of unchanged Stan programs, we recommend calling
rstan_options(auto_write = TRUE)
For within-chain threading using `reduce_sum()` or `map_rect()` Stan functions,
change `threads_per_chain` option:
rstan_options(threads_per_chain = 1)

Warning message:
Fewer colours (6) than chains (8); recycling the palette. 
Pairwise R-hat result (rho = 1.015)

1. Pairwise R-hat matrices
--------------------------

$`y`
        chain:1 chain:2 chain:3 chain:4 chain:5 chain:6 chain:7 chain:8
chain:1  1.0000  1.1081  1.8880  1.1264  1.0531  1.0696  1.0522  1.3205
chain:2  1.1081  1.0000  1.9221  1.2411  1.1291  1.1422  1.1317  1.3470
chain:3  1.8880  1.9221  1.0000  1.8661  1.8831  1.8669  1.8778  2.2516
chain:4  1.1264  1.2411  1.8661  1.0000  1.0692  1.0454  1.0530  1.5070
chain:5  1.0531  1.1291  1.8831  1.0692  1.0000  1.0450  1.0306  1.3614
chain:6  1.0696  1.1422  1.8669  1.0454  1.0450  1.0000  1.0435  1.5031
chain:7  1.0522  1.1317  1.8778  1.0530  1.0306  1.0435  1.0000  1.3373
chain:8  1.3205  1.3470  2.2516  1.5070  1.3614  1.5031  1.3373  1.0000

$`x`
        chain:1 chain:2 chain:3 chain:4 chain:5 chain:6 chain:7 chain:8
chain:1  1.0000  1.0841  1.8289  1.0661  1.0378  1.0165  1.0329  1.4489
chain:2  1.0841  1.0000  1.7779  1.1577  1.0852  1.0736  1.0952  1.3368
chain:3  1.8289  1.7779  1.0000  1.8071  1.7922  1.7647  1.7700  2.1528
chain:4  1.0661  1.1577  1.8071  1.0000  1.0480  1.0357  1.0291  1.4892
chain:5  1.0378  1.0852  1.7922  1.0480  1.0000  1.0199  1.0288  1.4894
chain:6  1.0165  1.0736  1.7647  1.0357  1.0199  1.0000  1.0120  1.4913
chain:7  1.0329  1.0952  1.7700  1.0291  1.0288  1.0120  1.0000  1.4995
chain:8  1.4489  1.3368  2.1528  1.4892  1.4894  1.4913  1.4995  1.0000

2. Top 10 largest pairwise R-hat values
------------------------------------
   parameter chain_i chain_j pairwise_rhat
1          y       3       8      2.251639
2          x       3       8      2.152795
3          y       2       3      1.922110
4          y       1       3      1.887987
5          y       3       5      1.883119
6          y       3       7      1.877755
7          y       3       6      1.866871
8          y       3       4      1.866125
9          x       1       3      1.828914
10         x       3       4      1.807063

3. Parameter summary
--------------------
  parameter n_clusters n_isolated        isolated_chains clusters
1         y          0          8 1, 2, 3, 4, 5, 6, 7, 8         
2         x          1          6       1, 2, 3, 4, 5, 8   (6, 7)
  pairwise_rhat_value
1                  NA
2            1.012034
Finished in 0.04 minutes

########################################
Running: /Users/chegu121/Documents/Phd-cici/r_package/pairwiserhat/experiments/pairwise_rhat/linear_with_noise.R 
########################################
Loading required package: StanHeaders

rstan version 2.32.7 (Stan version 2.32.2)

For execution on a local, multicore CPU with excess RAM we recommend calling
options(mc.cores = parallel::detectCores()).
To avoid recompilation of unchanged Stan programs, we recommend calling
rstan_options(auto_write = TRUE)
For within-chain threading using `reduce_sum()` or `map_rect()` Stan functions,
change `threads_per_chain` option:
rstan_options(threads_per_chain = 1)

Warning message:
Fewer colours (6) than chains (8); recycling the palette. 
Pairwise R-hat result (rho = 1.015)

1. Pairwise R-hat matrices
--------------------------

$`a`
        chain:1 chain:2 chain:3 chain:4 chain:5 chain:6 chain:7 chain:8
chain:1  1.0000  1.0006  1.0018  1.0009  1.0005  1.0011  1.0010  1.0023
chain:2  1.0006  1.0000  1.0010  1.0000  0.9999  0.9998  1.0001  1.0013
chain:3  1.0018  1.0010  1.0000  1.0007  1.0017  1.0021  1.0014  1.0026
chain:4  1.0009  1.0000  1.0007  1.0000  1.0002  1.0004  1.0003  1.0013
chain:5  1.0005  0.9999  1.0017  1.0002  1.0000  1.0002  1.0003  1.0016
chain:6  1.0011  0.9998  1.0021  1.0004  1.0002  1.0000  1.0003  1.0016
chain:7  1.0010  1.0001  1.0014  1.0003  1.0003  1.0003  1.0000  1.0018
chain:8  1.0023  1.0013  1.0026  1.0013  1.0016  1.0016  1.0018  1.0000

$`b`
        chain:1 chain:2 chain:3 chain:4 chain:5 chain:6 chain:7 chain:8
chain:1  1.0000  1.0011  1.0012  1.0010  1.0004  1.0010  1.0012  1.0011
chain:2  1.0011  1.0000  1.0001  0.9997  1.0000  0.9992  1.0003  0.9998
chain:3  1.0012  1.0001  1.0000  0.9996  1.0009  1.0000  1.0013  0.9998
chain:4  1.0010  0.9997  0.9996  1.0000  1.0005  0.9997  1.0009  0.9996
chain:5  1.0004  1.0000  1.0009  1.0005  1.0000  0.9999  0.9999  1.0001
chain:6  1.0010  0.9992  1.0000  0.9997  0.9999  1.0000  1.0000  0.9996
chain:7  1.0012  1.0003  1.0013  1.0009  0.9999  1.0000  1.0000  1.0009
chain:8  1.0011  0.9998  0.9998  0.9996  1.0001  0.9996  1.0009  1.0000

$`sigma`
        chain:1 chain:2 chain:3 chain:4 chain:5 chain:6 chain:7 chain:8
chain:1  1.0000  0.9997  1.0002  0.9996  1.0000  0.9996  0.9995  1.0000
chain:2  0.9997  1.0000  1.0003  0.9995  0.9996  1.0000  0.9996  0.9997
chain:3  1.0002  1.0003  1.0000  1.0000  1.0006  0.9998  0.9999  1.0004
chain:4  0.9996  0.9995  1.0000  1.0000  0.9999  0.9996  0.9994  0.9998
chain:5  1.0000  0.9996  1.0006  0.9999  1.0000  0.9998  1.0001  0.9997
chain:6  0.9996  1.0000  0.9998  0.9996  0.9998  1.0000  0.9997  0.9999
chain:7  0.9995  0.9996  0.9999  0.9994  1.0001  0.9997  1.0000  0.9997
chain:8  1.0000  0.9997  1.0004  0.9998  0.9997  0.9999  0.9997  1.0000

2. Top 10 largest pairwise R-hat values
------------------------------------
   parameter chain_i chain_j pairwise_rhat
1          a       3       8      1.002613
2          a       1       8      1.002333
3          a       3       6      1.002102
4          a       1       3      1.001799
5          a       7       8      1.001753
6          a       3       5      1.001733
7          a       6       8      1.001615
8          a       5       8      1.001580
9          a       3       7      1.001374
10         a       4       8      1.001344

3. Parameter summary
--------------------
  parameter n_clusters n_isolated isolated_chains                 clusters
1         a          1          0                 (1, 2, 3, 4, 5, 6, 7, 8)
2         b          1          0                 (1, 2, 3, 4, 5, 6, 7, 8)
3     sigma          1          0                 (1, 2, 3, 4, 5, 6, 7, 8)
  pairwise_rhat_value
1            1.002613
2            1.001272
3            1.000557
Finished in 0.04 minutes

########################################
Running: /Users/chegu121/Documents/Phd-cici/r_package/pairwiserhat/experiments/pairwise_rhat/same_slope_diff_intercept.R 
########################################
Loading required package: StanHeaders

rstan version 2.32.7 (Stan version 2.32.2)

For execution on a local, multicore CPU with excess RAM we recommend calling
options(mc.cores = parallel::detectCores()).
To avoid recompilation of unchanged Stan programs, we recommend calling
rstan_options(auto_write = TRUE)
For within-chain threading using `reduce_sum()` or `map_rect()` Stan functions,
change `threads_per_chain` option:
rstan_options(threads_per_chain = 1)

Warning message:
Fewer colours (6) than chains (8); recycling the palette. 
Pairwise R-hat result (rho = 1.015)

1. Pairwise R-hat matrices
--------------------------

$`a`
        chain:1 chain:2 chain:3 chain:4 chain:5 chain:6 chain:7 chain:8
chain:1  1.0000  1.0021  1.0027  1.0025  1.0024  1.0041  1.0019  1.0012
chain:2  1.0021  1.0000  1.0006  1.0006  1.0007  1.0018  1.0006  1.0000
chain:3  1.0027  1.0006  1.0000  1.0001  1.0012  1.0017  1.0021  1.0005
chain:4  1.0025  1.0006  1.0001  1.0000  1.0009  1.0016  1.0013  1.0002
chain:5  1.0024  1.0007  1.0012  1.0009  1.0000  1.0020  1.0009  1.0004
chain:6  1.0041  1.0018  1.0017  1.0016  1.0020  1.0000  1.0018  1.0014
chain:7  1.0019  1.0006  1.0021  1.0013  1.0009  1.0018  1.0000  1.0000
chain:8  1.0012  1.0000  1.0005  1.0002  1.0004  1.0014  1.0000  1.0000

$`b1`
        chain:1 chain:2 chain:3 chain:4 chain:5 chain:6 chain:7 chain:8
chain:1  1.0000  1.8272  1.0017  1.8273  1.8275  1.0018  1.0008  1.0006
chain:2  1.8272  1.0000  1.8267  1.0005  1.0026  1.8272  1.8285  1.8269
chain:3  1.0017  1.8267  1.0000  1.8268  1.8270  1.0036  1.0012  1.0022
chain:4  1.8273  1.0005  1.8268  1.0000  1.0000  1.8273  1.8286  1.8270
chain:5  1.8275  1.0026  1.8270  1.0000  1.0000  1.8275  1.8288  1.8272
chain:6  1.0018  1.8272  1.0036  1.8273  1.8275  1.0000  1.0014  1.0016
chain:7  1.0008  1.8285  1.0012  1.8286  1.8288  1.0014  1.0000  1.0002
chain:8  1.0006  1.8269  1.0022  1.8270  1.8272  1.0016  1.0002  1.0000

$`b2`
        chain:1 chain:2 chain:3 chain:4 chain:5 chain:6 chain:7 chain:8
chain:1  1.0000  1.8269  1.0005  1.8271  1.8275  1.0007  1.0000  1.0008
chain:2  1.8269  1.0000  1.8275  1.0016  1.0016  1.8287  1.8273  1.8267
chain:3  1.0005  1.8275  1.0000  1.8277  1.8280  1.0015  1.0009  1.0022
chain:4  1.8271  1.0016  1.8277  1.0000  0.9997  1.8289  1.8275  1.8269
chain:5  1.8275  1.0016  1.8280  0.9997  1.0000  1.8293  1.8278  1.8273
chain:6  1.0007  1.8287  1.0015  1.8289  1.8293  1.0000  1.0012  1.0031
chain:7  1.0000  1.8273  1.0009  1.8275  1.8278  1.0012  1.0000  1.0006
chain:8  1.0008  1.8267  1.0022  1.8269  1.8273  1.0031  1.0006  1.0000

$`sigma`
        chain:1 chain:2 chain:3 chain:4 chain:5 chain:6 chain:7 chain:8
chain:1  1.0000  1.0016  1.0006  1.0003  1.0002  1.0015  1.0013  1.0015
chain:2  1.0016  1.0000  1.0022  1.0026  1.0014  1.0021  1.0023  1.0024
chain:3  1.0006  1.0022  1.0000  1.0003  1.0000  1.0008  1.0002  1.0002
chain:4  1.0003  1.0026  1.0003  1.0000  1.0001  1.0008  1.0012  1.0006
chain:5  1.0002  1.0014  1.0000  1.0001  1.0000  1.0004  0.9997  0.9998
chain:6  1.0015  1.0021  1.0008  1.0008  1.0004  1.0000  1.0012  1.0012
chain:7  1.0013  1.0023  1.0002  1.0012  0.9997  1.0012  1.0000  1.0004
chain:8  1.0015  1.0024  1.0002  1.0006  0.9998  1.0012  1.0004  1.0000

2. Top 10 largest pairwise R-hat values
------------------------------------
   parameter chain_i chain_j pairwise_rhat
1         b2       5       6      1.829290
2         b2       4       6      1.828937
3         b1       5       7      1.828750
4         b2       2       6      1.828714
5         b1       4       7      1.828609
6         b1       2       7      1.828464
7         b2       3       5      1.828036
8         b2       5       7      1.827838
9         b2       3       4      1.827684
10        b2       4       7      1.827486

3. Parameter summary
--------------------
  parameter n_clusters n_isolated isolated_chains                    clusters
1         a          1          0                    (1, 2, 3, 4, 5, 6, 7, 8)
2        b1          2          0                 (1, 3, 6, 7, 8) | (2, 4, 5)
3        b2          2          0                 (1, 3, 6, 7, 8) | (2, 4, 5)
4     sigma          1          0                    (1, 2, 3, 4, 5, 6, 7, 8)
  pairwise_rhat_value
1            1.004083
2            1.003634
3            1.003084
4            1.002605
Finished in 0.04 minutes

########################################
Running: /Users/chegu121/Documents/Phd-cici/r_package/pairwiserhat/experiments/pairwise_rhat/diff_slope_same_intercept.R 
########################################
Loading required package: StanHeaders

rstan version 2.32.7 (Stan version 2.32.2)

For execution on a local, multicore CPU with excess RAM we recommend calling
options(mc.cores = parallel::detectCores()).
To avoid recompilation of unchanged Stan programs, we recommend calling
rstan_options(auto_write = TRUE)
For within-chain threading using `reduce_sum()` or `map_rect()` Stan functions,
change `threads_per_chain` option:
rstan_options(threads_per_chain = 1)

Warning message:
Fewer colours (6) than chains (8); recycling the palette. 
Pairwise R-hat result (rho = 1.015)

1. Pairwise R-hat matrices
--------------------------

$`a1`
        chain:1 chain:2 chain:3 chain:4 chain:5 chain:6 chain:7 chain:8
chain:1  1.0000  1.8301  1.8305  1.0032  1.0027  1.8301  1.0025  1.0036
chain:2  1.8301  1.0000  1.0004  1.8277  1.8279  1.0007  1.8271  1.8271
chain:3  1.8305  1.0004  1.0000  1.8281  1.8283  0.9999  1.8275  1.8275
chain:4  1.0032  1.8277  1.8281  1.0000  1.0004  1.8277  1.0004  1.0000
chain:5  1.0027  1.8279  1.8283  1.0004  1.0000  1.8278  0.9998  1.0005
chain:6  1.8301  1.0007  0.9999  1.8277  1.8278  1.0000  1.8271  1.8271
chain:7  1.0025  1.8271  1.8275  1.0004  0.9998  1.8271  1.0000  0.9999
chain:8  1.0036  1.8271  1.8275  1.0000  1.0005  1.8271  0.9999  1.0000

$`a2`
        chain:1 chain:2 chain:3 chain:4 chain:5 chain:6 chain:7 chain:8
chain:1  1.0000  1.8274  1.8270  1.0028  1.0002  1.8274  1.0013  1.0000
chain:2  1.8274  1.0000  1.0027  1.8272  1.8287  0.9996  1.8293  1.8276
chain:3  1.8270  1.0027  1.0000  1.8268  1.8283  1.0026  1.8289  1.8272
chain:4  1.0028  1.8272  1.8268  1.0000  1.0004  1.8272  1.0037  1.0017
chain:5  1.0002  1.8287  1.8283  1.0004  1.0000  1.8287  1.0018  1.0010
chain:6  1.8274  0.9996  1.0026  1.8272  1.8287  1.0000  1.8293  1.8276
chain:7  1.0013  1.8293  1.8289  1.0037  1.0018  1.8293  1.0000  1.0023
chain:8  1.0000  1.8276  1.8272  1.0017  1.0010  1.8276  1.0023  1.0000

$`b`
        chain:1 chain:2 chain:3 chain:4 chain:5 chain:6 chain:7 chain:8
chain:1  1.0000  1.0019  1.0011  1.0005  1.0030  1.0011  1.0014  1.0036
chain:2  1.0019  1.0000  1.0005  1.0019  1.0025  0.9994  1.0001  1.0021
chain:3  1.0011  1.0005  1.0000  1.0012  1.0024  1.0004  1.0011  1.0021
chain:4  1.0005  1.0019  1.0012  1.0000  1.0033  1.0010  1.0015  1.0033
chain:5  1.0030  1.0025  1.0024  1.0033  1.0000  1.0020  1.0024  1.0044
chain:6  1.0011  0.9994  1.0004  1.0010  1.0020  1.0000  0.9998  1.0020
chain:7  1.0014  1.0001  1.0011  1.0015  1.0024  0.9998  1.0000  1.0016
chain:8  1.0036  1.0021  1.0021  1.0033  1.0044  1.0020  1.0016  1.0000

$`sigma`
        chain:1 chain:2 chain:3 chain:4 chain:5 chain:6 chain:7 chain:8
chain:1  1.0000  1.0006  1.0006  0.9999  0.9999  1.0009  0.9996  1.0018
chain:2  1.0006  1.0000  1.0003  1.0006  0.9999  1.0016  0.9997  1.0011
chain:3  1.0006  1.0003  1.0000  1.0008  0.9998  0.9994  0.9995  1.0007
chain:4  0.9999  1.0006  1.0008  1.0000  0.9999  1.0017  0.9996  1.0017
chain:5  0.9999  0.9999  0.9998  0.9999  1.0000  1.0001  0.9993  1.0009
chain:6  1.0009  1.0016  0.9994  1.0017  1.0001  1.0000  1.0005  1.0007
chain:7  0.9996  0.9997  0.9995  0.9996  0.9993  1.0005  1.0000  1.0006
chain:8  1.0018  1.0011  1.0007  1.0017  1.0009  1.0007  1.0006  1.0000

2. Top 10 largest pairwise R-hat values
------------------------------------
   parameter chain_i chain_j pairwise_rhat
1         a1       1       3      1.830547
2         a1       1       2      1.830146
3         a1       1       6      1.830131
4         a2       6       7      1.829300
5         a2       2       7      1.829286
6         a2       3       7      1.828921
7         a2       5       6      1.828713
8         a2       2       5      1.828699
9         a2       3       5      1.828335
10        a1       3       5      1.828256

3. Parameter summary
--------------------
  parameter n_clusters n_isolated isolated_chains                    clusters
1        a1          2          0                 (1, 4, 5, 7, 8) | (2, 3, 6)
2        a2          2          0                 (1, 4, 5, 7, 8) | (2, 3, 6)
3         b          1          0                    (1, 2, 3, 4, 5, 6, 7, 8)
4     sigma          1          0                    (1, 2, 3, 4, 5, 6, 7, 8)
  pairwise_rhat_value
1            1.003633
2            1.003696
3            1.004433
4            1.001762
Finished in 0.04 minutes

########################################
Running: /Users/chegu121/Documents/Phd-cici/r_package/pairwiserhat/experiments/pairwise_rhat/diff_slope_diff_intercept.R 
########################################
Loading required package: StanHeaders

rstan version 2.32.7 (Stan version 2.32.2)

For execution on a local, multicore CPU with excess RAM we recommend calling
options(mc.cores = parallel::detectCores()).
To avoid recompilation of unchanged Stan programs, we recommend calling
rstan_options(auto_write = TRUE)
For within-chain threading using `reduce_sum()` or `map_rect()` Stan functions,
change `threads_per_chain` option:
rstan_options(threads_per_chain = 1)

Warning message:
Fewer colours (6) than chains (8); recycling the palette. 
Pairwise R-hat result (rho = 1.015)

1. Pairwise R-hat matrices
--------------------------

$`a1`
        chain:1 chain:2 chain:3 chain:4 chain:5 chain:6 chain:7 chain:8
chain:1  1.0000  1.8275  0.9992  1.0007  1.8268  1.8269  1.8271  1.8266
chain:2  1.8275  1.0000  1.8278  1.8279  1.0007  1.0010  1.0035  1.0018
chain:3  0.9992  1.8278  1.0000  1.0008  1.8271  1.8272  1.8274  1.8270
chain:4  1.0007  1.8279  1.0008  1.0000  1.8272  1.8273  1.8275  1.8271
chain:5  1.8268  1.0007  1.8271  1.8272  1.0000  0.9993  1.0022  1.0002
chain:6  1.8269  1.0010  1.8272  1.8273  0.9993  1.0000  1.0022  0.9997
chain:7  1.8271  1.0035  1.8274  1.8275  1.0022  1.0022  1.0000  1.0025
chain:8  1.8266  1.0018  1.8270  1.8271  1.0002  0.9997  1.0025  1.0000

$`a2`
        chain:1 chain:2 chain:3 chain:4 chain:5 chain:6 chain:7 chain:8
chain:1  1.0000  1.8269  1.0001  1.0009  1.8270  1.8269  1.8267  1.8272
chain:2  1.8269  1.0000  1.8272  1.8269  0.9997  0.9999  1.0016  1.0006
chain:3  1.0001  1.8272  1.0000  0.9999  1.8274  1.8273  1.8270  1.8275
chain:4  1.0009  1.8269  0.9999  1.0000  1.8271  1.8270  1.8267  1.8272
chain:5  1.8270  0.9997  1.8274  1.8271  1.0000  1.0001  1.0016  1.0013
chain:6  1.8269  0.9999  1.8273  1.8270  1.0001  1.0000  1.0013  1.0008
chain:7  1.8267  1.0016  1.8270  1.8267  1.0016  1.0013  1.0000  1.0005
chain:8  1.8272  1.0006  1.8275  1.8272  1.0013  1.0008  1.0005  1.0000

$`b1`
        chain:1 chain:2 chain:3 chain:4 chain:5 chain:6 chain:7 chain:8
chain:1  1.0000  1.8284  1.0008  1.0031  1.8268  1.8270  1.8267  1.8270
chain:2  1.8284  1.0000  1.8297  1.8286  1.0017  1.0003  1.0011  1.0004
chain:3  1.0008  1.8297  1.0000  1.0027  1.8281  1.8282  1.8280  1.8283
chain:4  1.0031  1.8286  1.0027  1.0000  1.8270  1.8271  1.8269  1.8272
chain:5  1.8268  1.0017  1.8281  1.8270  1.0000  1.0019  1.0015  1.0011
chain:6  1.8270  1.0003  1.8282  1.8271  1.0019  1.0000  1.0006  0.9996
chain:7  1.8267  1.0011  1.8280  1.8269  1.0015  1.0006  1.0000  1.0001
chain:8  1.8270  1.0004  1.8283  1.8272  1.0011  0.9996  1.0001  1.0000

$`b2`
        chain:1 chain:2 chain:3 chain:4 chain:5 chain:6 chain:7 chain:8
chain:1  1.0000  1.8266  0.9995  1.0009  1.8267  1.8274  1.8267  1.8266
chain:2  1.8266  1.0000  1.8277  1.8273  1.0067  1.0020  1.0009  1.0002
chain:3  0.9995  1.8277  1.0000  1.0014  1.8277  1.8285  1.8278  1.8277
chain:4  1.0009  1.8273  1.0014  1.0000  1.8273  1.8281  1.8274  1.8273
chain:5  1.8267  1.0067  1.8277  1.8273  1.0000  1.0032  1.0021  1.0023
chain:6  1.8274  1.0020  1.8285  1.8281  1.0032  1.0000  1.0010  1.0005
chain:7  1.8267  1.0009  1.8278  1.8274  1.0021  1.0010  1.0000  0.9994
chain:8  1.8266  1.0002  1.8277  1.8273  1.0023  1.0005  0.9994  1.0000

$`sigma`
        chain:1 chain:2 chain:3 chain:4 chain:5 chain:6 chain:7 chain:8
chain:1  1.0000  1.0025  1.0010  1.0021  1.0005  1.0004  1.0012  1.0014
chain:2  1.0025  1.0000  1.0018  1.0025  1.0018  1.0018  1.0018  1.0019
chain:3  1.0010  1.0018  1.0000  1.0002  1.0006  1.0000  0.9990  0.9996
chain:4  1.0021  1.0025  1.0002  1.0000  1.0013  1.0007  1.0002  1.0008
chain:5  1.0005  1.0018  1.0006  1.0013  1.0000  0.9994  1.0007  1.0001
chain:6  1.0004  1.0018  1.0000  1.0007  0.9994  1.0000  0.9999  0.9998
chain:7  1.0012  1.0018  0.9990  1.0002  1.0007  0.9999  1.0000  0.9997
chain:8  1.0014  1.0019  0.9996  1.0008  1.0001  0.9998  0.9997  1.0000

2. Top 10 largest pairwise R-hat values
------------------------------------
   parameter chain_i chain_j pairwise_rhat
1         b1       2       3      1.829734
2         b1       2       4      1.828634
3         b2       3       6      1.828467
4         b1       1       2      1.828447
5         b1       3       8      1.828255
6         b1       3       6      1.828239
7         b1       3       5      1.828115
8         b2       4       6      1.828055
9         b1       3       7      1.828012
10        a1       2       4      1.827926

3. Parameter summary
--------------------
  parameter n_clusters n_isolated isolated_chains                    clusters
1        a1          2          0                 (1, 3, 4) | (2, 5, 6, 7, 8)
2        a2          2          0                 (1, 3, 4) | (2, 5, 6, 7, 8)
3        b1          2          0                 (1, 3, 4) | (2, 5, 6, 7, 8)
4        b2          2          0                 (1, 3, 4) | (2, 5, 6, 7, 8)
5     sigma          1          0                    (1, 2, 3, 4, 5, 6, 7, 8)
  pairwise_rhat_value
1            1.003513
2            1.001637
3            1.003063
4            1.006717
5            1.002493
Finished in 0.05 minutes

########################################
Running: /Users/chegu121/Documents/Phd-cici/r_package/pairwiserhat/experiments/comparison_tables/make_comparison_tables.R 
########################################
=== uniform ===
 parameter classical_rhat pairwise_rhat_value n_clusters n_isolated
  theta[1]      0.9995589            1.006644          1          0
  theta[2]      1.0001581            1.003646          1          0
 chain_groups
       (1--8)
       (1--8)

=== gaussian_ball ===
 parameter classical_rhat pairwise_rhat_value n_clusters n_isolated
  theta[1]       1.000019            1.002387          1          0
  theta[2]       1.000093            1.005752          1          0
 chain_groups
       (1--8)
       (1--8)

=== three_cluster ===
 parameter classical_rhat pairwise_rhat_value n_clusters n_isolated
  theta[1]       6.269339            1.001424          1          2
  theta[2]       8.126717            1.002256          1          2
                          chain_groups
 (1,2,4,5,6,8) $|$ \\{3\\} $|$ \\{7\\}
 (1,2,4,5,6,8) $|$ \\{3\\} $|$ \\{7\\}

=== funnel ===
 parameter classical_rhat pairwise_rhat_value n_clusters n_isolated
         y       1.725266                  NA          0          8
         x       1.006249            1.012034          1          6
                                                                                chain_groups
 \\{1\\} $|$ \\{2\\} $|$ \\{3\\} $|$ \\{4\\} $|$ \\{5\\} $|$ \\{6\\} $|$ \\{7\\} $|$ \\{8\\}
               (6,7) $|$ \\{1\\} $|$ \\{2\\} $|$ \\{3\\} $|$ \\{4\\} $|$ \\{5\\} $|$ \\{8\\}

=== linear_with_noise ===
 parameter classical_rhat pairwise_rhat_value n_clusters n_isolated
         a      1.0002704            1.002613          1          0
         b      0.9998682            1.001272          1          0
     sigma      0.9994933            1.000557          1          0
 chain_groups
       (1--8)
       (1--8)
       (1--8)

=== same_slope_diff_intercept ===
 parameter classical_rhat pairwise_rhat_value n_clusters n_isolated
         a       1.000006            1.004083          1          0
        b1      44.115288            1.003634          2          0
        b2      44.394283            1.003084          2          0
     sigma       1.000641            1.002605          1          0
            chain_groups
                  (1--8)
 (1,3,6,7,8) $|$ (2,4,5)
 (1,3,6,7,8) $|$ (2,4,5)
                  (1--8)

=== diff_slope_same_intercept ===
 parameter classical_rhat pairwise_rhat_value n_clusters n_isolated
        a1      27.201789            1.003633          2          0
        a2      28.031561            1.003696          2          0
         b       0.999875            1.004433          1          0
     sigma       1.000429            1.001762          1          0
            chain_groups
 (1,4,5,7,8) $|$ (2,3,6)
 (1,4,5,7,8) $|$ (2,3,6)
                  (1--8)
                  (1--8)

=== diff_slope_diff_intercept ===
 parameter classical_rhat pairwise_rhat_value n_clusters n_isolated
        a1      26.817765            1.003513          2          0
        a2      26.615506            1.001637          2          0
        b1      55.053532            1.003063          2          0
        b2      53.771591            1.006717          2          0
     sigma       1.000098            1.002493          1          0
            chain_groups
 (1,3,4) $|$ (2,5,6,7,8)
 (1,3,4) $|$ (2,5,6,7,8)
 (1,3,4) $|$ (2,5,6,7,8)
 (1,3,4) $|$ (2,5,6,7,8)
                  (1--8)

=== three_compartment_pk ===
 parameter classical_rhat pairwise_rhat_value n_clusters n_isolated
       k10       1.000083            1.003607          1          0
       k12      18.514014            1.004198          2          0
       k21      21.104181            1.004978          2          0
       k13      14.772851            1.004161          2          0
       k31      18.122759            1.003520          2          0
            chain_groups
                  (1--8)
 (1,5,7) $|$ (2,3,4,6,8)
 (1,5,7) $|$ (2,3,4,6,8)
 (1,5,7) $|$ (2,3,4,6,8)
 (1,5,7) $|$ (2,3,4,6,8)

wrote: /Users/chegu121/Documents/Phd-cici/r_package/result_pairwise_rhat/comparison_tables.tex 
wrote: /Users/chegu121/Documents/Phd-cici/r_package/result_pairwise_rhat/level1_comparison_table.tex 
wrote: /Users/chegu121/Documents/Phd-cici/r_package/result_pairwise_rhat/level2_comparison_table.tex 
wrote: /Users/chegu121/Documents/Phd-cici/r_package/result_pairwise_rhat/level3_comparison_table.tex 
Finished in 0.01 minutes

=== Experiment 1 and 2 completed ===
